/* Simulate Nuts user */
ALTER TABLE `NutsUser` ADD COLUMN `LogActionCreateNutsUserID` INT(11) NOT NULL;
ALTER TABLE `NutsUser` ADD COLUMN `LogActionCreateNutsGroupID` INT(11) NOT NULL;
ALTER TABLE `NutsUser` ADD COLUMN `LogActionCreateDateGMT` DATETIME NOT NULL;


/* Nuts Group */
INSERT INTO `NutsGroup`(`ID`,`Name`,`Description`,`TinyMceConfig`,`Priority`,`BackofficeAccess`,`FrontofficeAccess`,`AllowUpload`,`AllowEdit`,`AllowDelete`,`AllowFolders`,`Deleted`) VALUES
	(2,'Admin','Admin group','',2,'YES','YES','YES','YES','YES','YES','NO'),
	(3,'Visitor','Visitor group','',3,'NO','YES','YES','YES','YES','YES','NO');

/* Nuts Zone */
TRUNCATE TABLE NutsZone;
insert  into `NutsZone`(`ID`,`Type`,`Name`,`CssName`,`Description`,`Url`,`Navbar`,`Visible`,`Deleted`) VALUES
	(1,'MTYPEENU','Account','account','User account zone','','NO','YES','NO'),
	(3,'MENU','Footer','footer','Footer zone','','NO','YES','NO');

/* Nuts Page */
TRUNCATE TABLE NutsPage;
INSERT INTO `NutsPage`(`ID`,`NutsPageID`,`NutsUserID`,`ContentType`,`ZoneID`,`HeaderImage`,`Language`,`DateCreation`,`DateUpdate`,`Template`,`MetaTitle`,`MetaDescription`,`MetaKeywords`,`MetaRobots`,`H1`,`VirtualPagename`,`MenuName`,`ContentResume`,`Content`,`State`,`MenuVisible`,`TopBar`,`BottomBar`,`Comments`,`AccessRestricted`,`Position`,`_HasChildren`,`CacheTime`,`Deleted`,`Event`,`CustomVars`,`CustomBlock`,`Tags`,`Note`,`Sitemap`,`SitemapChangefreq`,`SitemapPageType`,`SitemapUrlRegex1`,`SitemapUrlRegex2`,`DateStartOption`,`DateStart`,`DateEndOption`,`DateEnd`,`SitemapPriority`) values (1,0,1,'TEXT',0,'','en','2011-06-29 22:28:37','2011-07-04 01:16:03','','About us','','','','About us','about-us','About us','','<p><img class=\"left_border\" src=\"/library/media/images/user/business.jpg\" border=\"0\" height=\"150\" width=\"209\"></p><p>\"Lorem ipsum dolor sit amet, consectetur adipisicing elit, sed do eiusmod tempor incididunt ut labore et dolore magna aliqua. Ut enim ad minim veniam, quis nostrud exercitation ullamco laboris nisi ut aliquip ex ea commodo consequat. Duis aute irure dolor in reprehenderit in voluptate velit esse cillum dolore eu fugiat nulla pariatur. Excepteur sint occaecat cupidatat non proident, sunt in culpa qui officia deserunt mollit anim id est laborum.\"</p><p>\"Sed ut perspiciatis unde omnis iste natus error sit voluptatem accusantium doloremque laudantium, totam rem aperiam, eaque ipsa quae ab illo inventore veritatis et quasi architecto beatae vitae dicta sunt explicabo. Nemo enim ipsam voluptatem quia voluptas sit aspernatur aut odit aut fugit, sed quia consequuntur magni dolores eos qui ratione voluptatem sequi nesciunt. Neque porro quisquam est, qui dolorem ipsum quia dolor sit amet, consectetur, adipisci velit, sed quia non numquam eius modi tempora incidunt ut labore et dolore magnam aliquam quaerat voluptatem. Ut enim ad minima veniam, quis nostrum exercitationem ullam corporis suscipit laboriosam, nisi ut aliquid ex ea commodi consequatur? Quis autem vel eum iure reprehenderit qui in ea voluptate velit esse quam nihil molestiae consequatur, vel illum qui dolorem eum fugiat quo voluptas nulla pariatur ?\"</p><p><cite lang=\"en\">But who has any right to find fault with a man who chooses to enjoy a pleasure that has no annoying consequences, or one who avoids a pain that produces no resultant pleasure ?</cite></p><p>\"But I must explain to you how all this mistaken idea of denouncing pleasure and praising pain was born and I will give you a complete account of the system, and expound the actual teachings of the great explorer of the truth, the master-builder of human happiness. No one rejects, dislikes, or avoids pleasure itself, because it is pleasure, but because those who do not know how to pursue pleasure rationally encounter consequences that are extremely painful. Nor again is there anyone who loves or pursues or desires to obtain pain of itself, because it is pain, but because occasionally circumstances occur in which toil and pain can procure him some great pleasure. To take a trivial example, which of us ever undertakes laborious physical exercise, except to obtain some advantage from it ?</p>','PUBLISHED','YES','YES','YES','NO','NO',2,'NO',0,'NO','YES','','a:1:{s:5:\"Right\";a:3:{i:0;s:1:\"3\";i:1;s:1:\"1\";i:2;s:1:\"2\";}}','','','YES','weekly','NORMAL','','','NO','0000-00-00 00:00:00','NO','0000-00-00 00:00:00','0.5'),(3,0,1,'TEXT',0,'','en','2011-06-30 00:32:15','2011-07-04 01:22:01','full-page.html','Gallery','','','','Gallery','gallery','Gallery','','\n{@NUTS	TYPE=\'GALLERY\'	NAME=\'Gallery test\'}\n','PUBLISHED','YES','YES','YES','YES','NO',5,'NO',0,'NO','YES','','a:0:{}','','','YES','weekly','NORMAL','','','NO','0000-00-00 00:00:00','NO','0000-00-00 00:00:00','0.5'),(4,0,1,'TEXT',0,'','en','2011-06-30 00:32:52','2011-07-04 01:22:40','full-page.html','Contact us','','','','Contact us','contact-us','Contact us','','\n{@NUTS	TYPE=\'FORM\'	NAME=\'contact_us\'}\n','PUBLISHED','YES','YES','YES','NO','NO',6,'NO',0,'NO','YES','','a:0:{}','','','YES','weekly','NORMAL','','','NO','0000-00-00 00:00:00','NO','0000-00-00 00:00:00','0.5'),(5,0,1,'TEXT',0,'','en','2011-06-29 22:34:13','2011-07-04 01:20:16','','Products','','','','Products','products','Products','','<b>Please choose your product :</b><br><br>\n\n{@NUTS	TYPE=\'MENU\'	CONTENT=\'ALL CHILDRENS\'	FROM=\'Products\'	ID=\'5\'	OUTPUT=\'LI&gt;UL\'	CSS=\'menu_5\'	ATTRIBUTES=\'\'	INCLUDE_PARENT=\'0\'}\n','PUBLISHED','YES','YES','YES','NO','NO',4,'YES',0,'NO','YES','','a:1:{s:5:\"Right\";a:2:{i:0;s:1:\"3\";i:1;s:1:\"2\";}}','','','YES','weekly','NORMAL','','','NO','0000-00-00 00:00:00','NO','0000-00-00 00:00:00','0.5'),(6,5,1,'TEXT',0,'','en','2011-06-29 22:44:08','2011-07-04 01:20:35','','Product 1','','','','Product 1','product-1','Product 1','','<img class=\"left_border\" src=\"/library/media/images/user/box.jpg\" alt=\"Box product 1\" border=\"0\" height=\"200\" width=\"250\"><p>Quaestione igitur per multiplices dilatata fortunas cum ambigerentur quaedam, non nulla levius actitata constaret, post multorum clades Apollinares ambo pater et filius in exilium acti cum ad locum Crateras nomine pervenissent, villam scilicet suam quae ab Antiochia vicensimo et quarto disiungitur lapide, ut mandatum est, fractis cruribus occiduntur.</p><p>Post hoc impie perpetratum quod in aliis quoque iam timebatur, tamquam licentia crudelitati indulta per suspicionum nebulas aestimati quidam noxii damnabantur. quorum pars necati, alii puniti bonorum multatione actique laribus suis extorres nullo sibi relicto praeter querelas et lacrimas, stipe conlaticia victitabant, et civili iustoque imperio ad voluntatem converso cruentam, claudebantur opulentae domus et clarae.</p>Ob haec et huius modi multa, quae cernebantur in paucis, omnibus timeri sunt coepta. et ne tot malis dissimulatis paulatimque serpentibus acervi crescerent aerumnarum, nobilitatis decreto legati mittuntur: Praetextatus ex urbi praefecto et ex vicario Venustus et ex consulari Minervius oraturi, ne delictis supplicia sint grandiora, neve senator quisquam inusitato et inlicito more tormentis exponeretur.<br><br><br>','PUBLISHED','YES','YES','YES','NO','NO',9,'NO',0,'NO','YES','','a:1:{s:5:\"Right\";a:2:{i:0;s:1:\"3\";i:1;s:1:\"2\";}}','','','YES','weekly','NORMAL','','','NO','0000-00-00 00:00:00','NO','0000-00-00 00:00:00','0.5'),(7,5,1,'TEXT',0,'','en','2011-06-30 00:44:33','2011-07-04 01:20:54','','Product 2','','','','Product 2','product-2','Product 2','','<img class=\"left_border\" src=\"/library/media/images/user/box.jpg\" alt=\"Box product 1\" border=\"0\" height=\"200\" width=\"250\"><p>Quaestione igitur per multiplices dilatata fortunas cum ambigerentur quaedam, non nulla levius actitata constaret, post multorum clades Apollinares ambo pater et filius in exilium acti cum ad locum Crateras nomine pervenissent, villam scilicet suam quae ab Antiochia vicensimo et quarto disiungitur lapide, ut mandatum est, fractis cruribus occiduntur.</p><p>Post hoc impie perpetratum quod in aliis quoque iam timebatur, tamquam licentia crudelitati indulta per suspicionum nebulas aestimati quidam noxii damnabantur. quorum pars necati, alii puniti bonorum multatione actique laribus suis extorres nullo sibi relicto praeter querelas et lacrimas, stipe conlaticia victitabant, et civili iustoque imperio ad voluntatem converso cruentam, claudebantur opulentae domus et clarae.</p>Ob haec et huius modi multa, quae cernebantur in paucis, omnibus timeri sunt coepta. et ne tot malis dissimulatis paulatimque serpentibus acervi crescerent aerumnarum, nobilitatis decreto legati mittuntur: Praetextatus ex urbi praefecto et ex vicario Venustus et ex consulari Minervius oraturi, ne delictis supplicia sint grandiora, neve senator quisquam inusitato et inlicito more tormentis exponeretur.<br><br><br>','PUBLISHED','YES','YES','YES','NO','NO',10,'NO',0,'NO','YES','','a:1:{s:5:\"Right\";a:2:{i:0;s:1:\"3\";i:1;s:1:\"2\";}}','','','YES','weekly','NORMAL','','','NO','0000-00-00 00:00:00','NO','0000-00-00 00:00:00','0.5'),(8,5,1,'TEXT',0,'','en','2011-06-30 00:44:55','2011-07-04 01:21:22','','Product 3','','','','Product 3','product-3','Product 3','','<img class=\"left_border\" src=\"/library/media/images/user/box.jpg\" alt=\"Box product 1\" border=\"0\" height=\"200\" width=\"250\"><p>Quaestione igitur per multiplices dilatata fortunas cum ambigerentur quaedam, non nulla levius actitata constaret, post multorum clades Apollinares ambo pater et filius in exilium acti cum ad locum Crateras nomine pervenissent, villam scilicet suam quae ab Antiochia vicensimo et quarto disiungitur lapide, ut mandatum est, fractis cruribus occiduntur.</p><p>Post hoc impie perpetratum quod in aliis quoque iam timebatur, tamquam licentia crudelitati indulta per suspicionum nebulas aestimati quidam noxii damnabantur. quorum pars necati, alii puniti bonorum multatione actique laribus suis extorres nullo sibi relicto praeter querelas et lacrimas, stipe conlaticia victitabant, et civili iustoque imperio ad voluntatem converso cruentam, claudebantur opulentae domus et clarae.</p>Ob haec et huius modi multa, quae cernebantur in paucis, omnibus timeri sunt coepta. et ne tot malis dissimulatis paulatimque serpentibus acervi crescerent aerumnarum, nobilitatis decreto legati mittuntur: Praetextatus ex urbi praefecto et ex vicario Venustus et ex consulari Minervius oraturi, ne delictis supplicia sint grandiora, neve senator quisquam inusitato et inlicito more tormentis exponeretur.<br><br><br>','PUBLISHED','YES','YES','YES','NO','NO',11,'NO',0,'NO','YES','','a:1:{s:5:\"Right\";a:2:{i:0;s:1:\"3\";i:1;s:1:\"2\";}}','','','YES','weekly','NORMAL','','','NO','0000-00-00 00:00:00','NO','0000-00-00 00:00:00','0.5'),(9,0,1,'TEXT',0,'','en','2011-06-30 03:44:28','2011-07-04 01:44:38','full-page.html','Welcome','','','','Welcome','/','Home','','<img src=\"/library/media/images/user/home.jpg\" alt=\"Home\" border=\"0\"><div class=\"clear\">&nbsp;</div><table style=\"width: 100%;\" border=\"0\" cellpadding=\"5\" cellspacing=\"0\"><tbody><tr><td style=\"width: 460px;\" valign=\"top\"><h2>Welcome</h2>It is a long established fact that a reader will be distracted by the readable content of a page when looking at its layout. The point of using Lorem Ipsum is that it has a more-or-less normal distribution of letters, as opposed to using \'Content here, content here\', making it look like readable English. <br> <a class=\"more_info\" href=\"{@NUTS	TYPE=\'PAGE\'	CONTENT=\'URL\'	ID=\'1\'}\"> more info</a><h2>&nbsp;</h2><h2>Our Products</h2><ul><li><a href=\"{@NUTS	TYPE=\'PAGE\'	CONTENT=\'URL\'	ID=\'6\'}\"> View our product 1</a></li><li><a href=\"{@NUTS	TYPE=\'PAGE\'	CONTENT=\'URL\'	ID=\'7\'}\"> View our product 2</a></li><li><a href=\"{@NUTS	TYPE=\'PAGE\'	CONTENT=\'URL\'	ID=\'8\'}\"> View our produc</a></li></ul></td><td valign=\"top\"><br></td><td valign=\"top\"><h2>News and Events</h2>\n{@NUTS	TYPE=\'REGION\'	NAME=\'News-home-List\'}\n</td></tr></tbody></table>','PUBLISHED','NO','YES','YES','NO','NO',1,'NO',0,'NO','YES','','a:0:{}','','','YES','weekly','NORMAL','','','NO','0000-00-00 00:00:00','NO','0000-00-00 00:00:00','0.5'),(10,0,1,'TEXT',1,'','en','2011-06-30 16:13:47','2011-07-04 14:27:29','full-page.html','Login','','','','Login','/en/login/','Login','','\n{@NUTS	TYPE=\'PLUGIN\'	NAME=\'_login\'	PARAMETERS=\'\'}\n','PUBLISHED','NO','YES','YES','NO','NO',1,'YES',0,'NO','YES','','a:0:{}','','','NO','weekly','NORMAL','','','NO','0000-00-00 00:00:00','NO','0000-00-00 00:00:00','0.5'),(11,0,1,'TEXT',1,'','en','2011-06-30 19:07:18','2011-07-04 14:26:49','full-page.html','Login','','','','Register','/en/register/','Register','','\n{@NUTS	TYPE=\'PLUGIN\'	NAME=\'_register\'	PARAMETERS=\'\'}\n','PUBLISHED','NO','YES','YES','NO','NO',2,'NO',0,'NO','YES','','a:0:{}','','','NO','weekly','NORMAL','','','NO','0000-00-00 00:00:00','NO','0000-00-00 00:00:00','0.5'),(12,10,1,'TEXT',1,'','en','2011-06-30 17:14:31','2011-07-04 14:27:42','','Welcome','','','','Welcome','/en/my_account/','Welcome','','This is the private space<br>','PUBLISHED','YES','YES','YES','NO','YES',1,'NO',0,'NO','YES','','a:1:{s:5:\"Right\";a:3:{i:0;s:1:\"3\";i:1;s:1:\"1\";i:2;s:1:\"2\";}}','','','NO','weekly','NORMAL','','','NO','0000-00-00 00:00:00','NO','0000-00-00 00:00:00','0.5'),(13,0,1,'TEXT',1,'','en','2011-06-30 17:24:27','2011-07-04 14:27:55','full-page.html','','','','','Access Restricted','','Access restricted','','\n{@NUTS	TYPE=\'PLUGIN\'	NAME=\'_logon_restricted_access\'	PARAMETERS=\'\'}\n','PUBLISHED','NO','YES','YES','NO','NO',3,'NO',0,'NO','YES','','a:0:{}','','','NO','weekly','NORMAL','','','NO','0000-00-00 00:00:00','NO','0000-00-00 00:00:00','0.5'),(14,0,1,'TEXT',0,'','en','2011-06-30 21:26:04','2011-07-04 01:18:21','','News and events','','','','News and events','news-and-events','News and events','','\n{@NUTS	TYPE=\'REGION\'	NAME=\'News-List\'}\n','PUBLISHED','YES','YES','YES','NO','NO',3,'YES',0,'NO','YES','','a:1:{s:5:\"Right\";a:3:{i:0;s:1:\"3\";i:1;s:1:\"1\";i:2;s:1:\"2\";}}','','','YES','weekly','TUNNEL','?tpg=','news','NO','0000-00-00 00:00:00','NO','0000-00-00 00:00:00','0.5'),(15,14,1,'TEXT',0,'','en','2011-06-30 21:27:56','2011-07-04 01:18:44','','','','','','','','@News','','\n{@NUTS	TYPE=\'PLUGIN\'	NAME=\'_news-reader\'	PARAMETERS=\'\'}\n','PUBLISHED','NO','YES','YES','NO','NO',8,'NO',0,'NO','YES','','a:1:{s:5:\"Right\";a:3:{i:0;s:1:\"3\";i:1;s:1:\"1\";i:2;s:1:\"2\";}}','','','YES','weekly','NORMAL','','','NO','0000-00-00 00:00:00','NO','0000-00-00 00:00:00','0.5'),(16,0,1,'TEXT',3,'','en','2011-06-30 23:42:19','2011-07-04 01:24:21','full-page.html','Sitemap','','','','Sitemap','sitemap','Sitemap','','\n{@NUTS	TYPE=\'MENU\'	CONTENT=\'ALL CHILDRENS\'	FROM=\'Main menu\'	ZONE_ID=\'0\'	OUTPUT=\'LI&gt;UL\'	CSS=\'sitemap\'	ATTRIBUTES=\'\'	INCLUDE_PARENT=\'0\'}\n','PUBLISHED','YES','YES','YES','NO','NO',1,'NO',0,'NO','YES','','a:0:{}','','','YES','weekly','NORMAL','','','NO','0000-00-00 00:00:00','NO','0000-00-00 00:00:00','0.5'),(17,0,1,'TEXT',0,'','en','2011-07-04 14:44:04','2011-07-04 15:04:25','full-page.html','Search','','','','Search','search','Search','','\n{@NUTS	TYPE=\'PLUGIN\'	NAME=\'_search-engine\'	PARAMETERS=\'\'}\n','PUBLISHED','NO','YES','YES','NO','NO',7,'NO',0,'NO','YES','','a:0:{}','','','NO','weekly','NORMAL','','','NO','0000-00-00 00:00:00','NO','0000-00-00 00:00:00','0.5');
TRUNCATE TABLE NutsPageAccess;
INSERT INTO `NutsPageAccess`(`NutsGroupID`,`NutsPageID`) VALUES (3,12),(2,12),(1,12);
TRUNCATE TABLE NutsPageVersion;
INSERT INTO `NutsPageVersion`(`ID`,`NutsUserID`,`NutsPageID`,`Date`,`H1`,`ContentResume`,`Content`,`Note`,`Deleted`) VALUES (1,1,1,'2011-06-30 00:29:07','Home','','<br>','','NO'),(2,1,1,'2011-06-30 00:31:15','About us','','<br>','','NO'),(3,1,2,'2011-06-30 00:32:05','News and Events','','<br>','','NO'),(4,1,3,'2011-06-30 00:32:42','Frequently Questions','','<br>','','NO'),(5,1,4,'2011-06-30 00:33:45','Contact Us','','<br>','','NO'),(6,1,5,'2011-06-30 00:34:39','Products','','<br>','','NO'),(7,1,2,'2011-06-30 00:35:10','News and Events','','{@NUTS	TYPE=\'PLUGIN\'	NAME=\'_news-reader\'	PARAMETERS=\'\'}\n','','NO'),(8,1,6,'2011-06-30 00:44:30','Product 1','','<br>','','NO'),(9,1,7,'2011-06-30 00:44:51','Product 2','','<br>','','NO'),(10,1,8,'2011-06-30 00:45:10','Product 3','','<br>','','NO'),(11,1,3,'2011-06-30 00:47:16','Gallery','','<br>','','NO'),(12,1,3,'2011-06-30 00:47:39','Gallery','','<br>','','NO'),(13,1,2,'2011-06-30 02:53:23','News and Events','','\nlist of news here a region<br>\n','','NO'),(14,1,9,'2011-06-30 03:44:59','Home','','<br>','','NO'),(15,1,9,'2011-06-30 03:45:29','','','<br>','','NO'),(16,1,9,'2011-06-30 03:45:58','Welcome','','<br>','','NO'),(17,1,9,'2011-06-30 13:48:15','Welcome','','<img src=\"/library/media/images/user/home.jpg\" alt=\"Welcome\" border=\"0\" height=\"264\" width=\"990\"><br>','','NO'),(18,1,9,'2011-06-30 14:18:02','Welcome','','<img src=\"/library/media/images/user/home.jpg\" border=\"0\" alt=\"Welcome\" width=\"990\" height=\"264\" /><br /><br /><table style=\"width: 100%;\" border=\"0\" cellspacing=\"0\" cellpadding=\"5\"><tbody><tr><td style=\"width: 50%;\" valign=\"top\"><h2>Welcome</h2>It is a long established fact that a reader will be distracted by the readable content of a page when looking at its layout. The point of using Lorem Ipsum is that it has a more-or-less normal distribution of letters, as opposed to using \'Content here, content here\', making it look like readable English. <br /><a href=\"{@NUTS	TYPE=\'PAGE\'	CONTENT=\'URL\'	ID=\'1\'}\">more info</a></td><td valign=\"top\"><h2>News and Events<br /><br /><br /></h2></td></tr></tbody></table><br />','','NO'),(19,1,9,'2011-06-30 14:21:02','Welcome','','<img src=\"/library/media/images/user/home.jpg\" alt=\"Welcome\" border=\"0\" height=\"264\" width=\"990\"><br><br><table style=\"width: 100%;\" border=\"0\" cellpadding=\"5\" cellspacing=\"0\"><tbody><tr><td style=\"width: 50%;\" valign=\"top\"><h2>Welcome</h2>It is a long established fact that a reader will be distracted by the readable content of a page when looking at its layout. The point of using Lorem Ipsum is that it has a more-or-less normal distribution of letters, as opposed to using \'Content here, content here\', making it look like readable English. <br><a class=\"more_info\" href=\"{@NUTS	TYPE=\'PAGE\'	CONTENT=\'URL\'	ID=\'1\'}\">more info</a></td><td rowspan=\"2\" valign=\"top\"><h2>News and Events</h2><br><br></td></tr><tr><td style=\"width: 50%;\" valign=\"top\"><h2>Our Products</h2><ul><li><a href=\"{@NUTS	TYPE=\'PAGE\'	CONTENT=\'URL\'	ID=\'6\'}\">Product 1</a></li><li><a href=\"{@NUTS	TYPE=\'PAGE\'	CONTENT=\'URL\'	ID=\'7\'}\">Product 2</a></li><li><a href=\"{@NUTS	TYPE=\'PAGE\'	CONTENT=\'URL\'	ID=\'8\'}\">Product 3</a></li></ul></td></tr></tbody></table><br>','','NO'),(20,1,9,'2011-06-30 14:26:02','Welcome','','<img src=\"/library/media/images/user/home.jpg\" alt=\"Welcome\" border=\"0\" height=\"264\" width=\"990\"><br><br><table style=\"width: 100%;\" border=\"0\" cellpadding=\"5\" cellspacing=\"0\"><tbody><tr><td style=\"width: 50%;\" valign=\"top\"><h2>Welcome</h2>It is a long established fact that a reader will be distracted by the readable content of a page when looking at its layout. The point of using Lorem Ipsum is that it has a more-or-less normal distribution of letters, as opposed to using \'Content here, content here\', making it look like readable English. <br><a class=\"more_info\" href=\"{@NUTS	TYPE=\'PAGE\'	CONTENT=\'URL\'	ID=\'1\'}\">more info</a></td><td rowspan=\"2\" valign=\"top\"><h2>News and Events</h2><br><br></td></tr><tr><td style=\"width: 50%;\" valign=\"top\"><h2>Our Products</h2><ul><li><a href=\"{@NUTS	TYPE=\'PAGE\'	CONTENT=\'URL\'	ID=\'6\'}\">View our product 1</a></li><li><a href=\"{@NUTSTYPE=\'PAGE\'CONTENT=\'URL\'ID=\'6\'}\">View our p</a><a href=\"{@NUTS	TYPE=\'PAGE\'	CONTENT=\'URL\'	ID=\'7\'}\">roduct 2</a></li><li><a href=\"{@NUTSTYPE=\'PAGE\'CONTENT=\'URL\'ID=\'6\'}\">View our p</a><a href=\"{@NUTS	TYPE=\'PAGE\'	CONTENT=\'URL\'	ID=\'8\'}\">roduct 3</a></li></ul></td></tr></tbody></table><br>','','NO'),(21,1,9,'2011-06-30 14:27:20','Welcome','','<img src=\"/library/media/images/user/home.jpg\" alt=\"Welcome\" border=\"0\" height=\"264\" width=\"990\"><br><br><table style=\"width: 100%;\" border=\"0\" cellpadding=\"5\" cellspacing=\"0\"><tbody><tr><td style=\"width: 50%;\" valign=\"top\"><h2>Welcome</h2>It is a long established fact that a reader will be distracted by the readable content of a page when looking at its layout. The point of using Lorem Ipsum is that it has a more-or-less normal distribution of letters, as opposed to using \'Content here, content here\', making it look like readable English. <br><a class=\"more_info\" href=\"{@NUTS	TYPE=\'PAGE\'	CONTENT=\'URL\'	ID=\'1\'}\">more info</a></td><td rowspan=\"2\" valign=\"top\"><h2>News and Events</h2><br><br></td></tr><tr><td style=\"width: 50%;\" valign=\"top\"><h2>Our Products</h2><ul><li><a href=\"{@NUTS	TYPE=\'PAGE\'	CONTENT=\'URL\'	ID=\'6\'}\">View our product 1</a></li><li><a href=\"{@NUTS	TYPE=\'PAGE\'	CONTENT=\'URL\'	ID=\'7\'}\">View our product 2</a></li><li><a href=\"{@NUTS	TYPE=\'PAGE\'	CONTENT=\'URL\'	ID=\'8\'}\">View our product 3</a></li></ul></td></tr></tbody></table><br>','','NO'),(22,1,1,'2011-06-30 14:35:06','About us','','<br>','','NO'),(23,1,2,'2011-06-30 14:35:11','News and Events','','list of news here a region<br>','','NO'),(24,1,5,'2011-06-30 14:35:16','Products','','<br>','','NO'),(25,1,6,'2011-06-30 14:35:20','Product 1','','<br>','','NO'),(26,1,7,'2011-06-30 14:35:24','Product 2','','<br>','','NO'),(27,1,8,'2011-06-30 14:35:29','Product 3','','<br>','','NO'),(28,1,3,'2011-06-30 14:35:32','Gallery','','<br>','','NO'),(29,1,4,'2011-06-30 14:35:38','Contact Us','','<br>','','NO'),(30,1,3,'2011-06-30 14:38:45','Gallery','','{@NUTS	TYPE=\'GALLERY\'	NAME=\'Gallery test\'}','','NO'),(31,1,4,'2011-06-30 15:11:00','Contact us','','{@NUTS	TYPE=\'FORM\'	NAME=\'contact_us\'}\n','','NO'),(32,1,1,'2011-06-30 17:12:54','About us','','<h3>The standard Lorem Ipsum passage, used since the 1500s</h3><p><img class=\"left_border\" src=\"/library/media/images/user/business.jpg\" border=\"0\" height=\"150\" width=\"209\">&nbsp;\"Lorem ipsum dolor sit amet, consectetur adipisicing elit, sed do eiusmod tempor incididunt ut labore et dolore magna aliqua. Ut enim ad minim veniam, quis nostrud exercitation ullamco laboris nisi ut aliquip ex ea commodo consequat. Duis aute irure dolor in reprehenderit in voluptate velit esse cillum dolore eu fugiat nulla pariatur. Excepteur sint occaecat cupidatat non proident, sunt in culpa qui officia deserunt mollit anim id est laborum.\"</p><p>\"Sed ut perspiciatis unde omnis iste natus error sit voluptatem accusantium doloremque laudantium, totam rem aperiam, eaque ipsa quae ab illo inventore veritatis et quasi architecto beatae vitae dicta sunt explicabo. Nemo enim ipsam voluptatem quia voluptas sit aspernatur aut odit aut fugit, sed quia consequuntur magni dolores eos qui ratione voluptatem sequi nesciunt. Neque porro quisquam est, qui dolorem ipsum quia dolor sit amet, consectetur, adipisci velit, sed quia non numquam eius modi tempora incidunt ut labore et dolore magnam aliquam quaerat voluptatem. Ut enim ad minima veniam, quis nostrum exercitationem ullam corporis suscipit laboriosam, nisi ut aliquid ex ea commodi consequatur? Quis autem vel eum iure reprehenderit qui in ea voluptate velit esse quam nihil molestiae consequatur, vel illum qui dolorem eum fugiat quo voluptas nulla pariatur?\"</p><p>\"But I must explain to you how all this mistaken idea of denouncing pleasure and praising pain was born and I will give you a complete account of the system, and expound the actual teachings of the great explorer of the truth, the master-builder of human happiness. No one rejects, dislikes, or avoids pleasure itself, because it is pleasure, but because those who do not know how to pursue pleasure rationally encounter consequences that are extremely painful. Nor again is there anyone who loves or pursues or desires to obtain pain of itself, because it is pain, but because occasionally circumstances occur in which toil and pain can procure him some great pleasure. To take a trivial example, which of us ever undertakes laborious physical exercise, except to obtain some advantage from it? But who has any right to find fault with a man who chooses to enjoy a pleasure that has no annoying consequences, or one who avoids a pain that produces no resultant pleasure ?\"</p><br>','','NO'),(33,1,1,'2011-06-30 17:15:47','About us','','<p><img class=\"left_border\" src=\"/library/media/images/user/business.jpg\" border=\"0\" height=\"150\" width=\"209\">&nbsp;\"Lorem ipsum dolor sit amet, consectetur adipisicing elit, sed do eiusmod tempor incididunt ut labore et dolore magna aliqua. Ut enim ad minim veniam, quis nostrud exercitation ullamco laboris nisi ut aliquip ex ea commodo consequat. Duis aute irure dolor in reprehenderit in voluptate velit esse cillum dolore eu fugiat nulla pariatur. Excepteur sint occaecat cupidatat non proident, sunt in culpa qui officia deserunt mollit anim id est laborum.\"</p><p>\"Sed ut perspiciatis unde omnis iste natus error sit voluptatem accusantium doloremque laudantium, totam rem aperiam, eaque ipsa quae ab illo inventore veritatis et quasi architecto beatae vitae dicta sunt explicabo. Nemo enim ipsam voluptatem quia voluptas sit aspernatur aut odit aut fugit, sed quia consequuntur magni dolores eos qui ratione voluptatem sequi nesciunt. Neque porro quisquam est, qui dolorem ipsum quia dolor sit amet, consectetur, adipisci velit, sed quia non numquam eius modi tempora incidunt ut labore et dolore magnam aliquam quaerat voluptatem. Ut enim ad minima veniam, quis nostrum exercitationem ullam corporis suscipit laboriosam, nisi ut aliquid ex ea commodi consequatur? Quis autem vel eum iure reprehenderit qui in ea voluptate velit esse quam nihil molestiae consequatur, vel illum qui dolorem eum fugiat quo voluptas nulla pariatur?\"</p><p>\"But I must explain to you how all this mistaken idea of denouncing pleasure and praising pain was born and I will give you a complete account of the system, and expound the actual teachings of the great explorer of the truth, the master-builder of human happiness. No one rejects, dislikes, or avoids pleasure itself, because it is pleasure, but because those who do not know how to pursue pleasure rationally encounter consequences that are extremely painful. Nor again is there anyone who loves or pursues or desires to obtain pain of itself, because it is pain, but because occasionally circumstances occur in which toil and pain can procure him some great pleasure. To take a trivial example, which of us ever undertakes laborious physical exercise, except to obtain some advantage from it? <cite lang=\"en\"><br></cite></p><p><cite lang=\"en\">But who has any right to find fault with a man who chooses to enjoy a pleasure that has no annoying consequences, or one who avoids a pain that produces no resultant pleasure ?\"</cite></p><br>','','NO'),(34,1,10,'2011-06-30 18:14:35','Login','','{@NUTS	TYPE=\'PLUGIN\'	NAME=\'_login\'	PARAMETERS=\'\'}\n','','NO'),(35,1,10,'2011-06-30 18:54:02','Login','','\n{@NUTS	TYPE=\'PLUGIN\'	NAME=\'_login\'	PARAMETERS=\'\'}\n','','NO'),(36,1,10,'2011-06-30 19:03:07','Login','','\n{@NUTS	TYPE=\'PLUGIN\'	NAME=\'_login\'	PARAMETERS=\'\'}\n','','NO'),(37,1,10,'2011-06-30 19:05:31','Login','','\n{@NUTS	TYPE=\'PLUGIN\'	NAME=\'_login\'	PARAMETERS=\'\'}\n','','NO'),(38,1,11,'2011-06-30 19:07:43','Register','','\n{@NUTS	TYPE=\'PLUGIN\'	NAME=\'_register\'	PARAMETERS=\'\'}\n','','NO'),(39,1,11,'2011-06-30 19:07:58','Register','','\n{@NUTS	TYPE=\'PLUGIN\'	NAME=\'_register\'	PARAMETERS=\'\'}\n','','NO'),(40,1,12,'2011-06-30 19:15:34','Welcome','','This is the private space<br>','','NO'),(41,1,12,'2011-06-30 19:15:47','Welcome','','This is the private space<br>','','NO'),(42,1,12,'2011-06-30 19:16:51','Welcome','','This is the private space<br>','','NO'),(43,1,10,'2011-06-30 19:16:57','Login','','\n{@NUTS	TYPE=\'PLUGIN\'	NAME=\'_login\'	PARAMETERS=\'\'}\n','','NO'),(44,1,11,'2011-06-30 19:17:03','Register','','\n{@NUTS	TYPE=\'PLUGIN\'	NAME=\'_register\'	PARAMETERS=\'\'}\n','','NO'),(45,1,12,'2011-06-30 19:17:15','Welcome','','This is the private space<br>','','NO'),(46,1,12,'2011-06-30 19:18:01','Welcome','','This is the private space<br>','','NO'),(47,1,13,'2011-06-30 19:25:07','Access Restricted','','<br>','','NO'),(48,1,13,'2011-06-30 19:25:19','Access Restricted','','<br>','','NO'),(49,1,13,'2011-06-30 19:25:38','Access Restricted','','{@NUTS	TYPE=\'PLUGIN\'	NAME=\'_logon_restricted_access\'	PARAMETERS=\'\'}\n','','NO'),(50,1,10,'2011-06-30 19:31:29','Login','','\n{@NUTS	TYPE=\'PLUGIN\'	NAME=\'_login\'	PARAMETERS=\'\'}\n','','NO'),(51,1,3,'2011-06-30 22:07:34','Gallery','','\n{@NUTS	TYPE=\'GALLERY\'	NAME=\'Gallery test\'}\n','','NO'),(52,1,1,'2011-06-30 22:20:29','About us','','<p><img class=\"left_border\" src=\"/library/media/images/user/business.jpg\" border=\"0\" height=\"150\" width=\"209\"></p><p>\"Lorem ipsum dolor sit amet, consectetur adipisicing elit, sed do eiusmod tempor incididunt ut labore et dolore magna aliqua. Ut enim ad minim veniam, quis nostrud exercitation ullamco laboris nisi ut aliquip ex ea commodo consequat. Duis aute irure dolor in reprehenderit in voluptate velit esse cillum dolore eu fugiat nulla pariatur. Excepteur sint occaecat cupidatat non proident, sunt in culpa qui officia deserunt mollit anim id est laborum.\"</p><p>\"Sed ut perspiciatis unde omnis iste natus error sit voluptatem accusantium doloremque laudantium, totam rem aperiam, eaque ipsa quae ab illo inventore veritatis et quasi architecto beatae vitae dicta sunt explicabo. Nemo enim ipsam voluptatem quia voluptas sit aspernatur aut odit aut fugit, sed quia consequuntur magni dolores eos qui ratione voluptatem sequi nesciunt. Neque porro quisquam est, qui dolorem ipsum quia dolor sit amet, consectetur, adipisci velit, sed quia non numquam eius modi tempora incidunt ut labore et dolore magnam aliquam quaerat voluptatem. Ut enim ad minima veniam, quis nostrum exercitationem ullam corporis suscipit laboriosam, nisi ut aliquid ex ea commodi consequatur? Quis autem vel eum iure reprehenderit qui in ea voluptate velit esse quam nihil molestiae consequatur, vel illum qui dolorem eum fugiat quo voluptas nulla pariatur ?\"</p><p><cite lang=\"en\">But who has any right to find fault with a man who chooses to enjoy a pleasure that has no annoying consequences, or one who avoids a pain that produces no resultant pleasure ?</cite></p><p>\"But I must explain to you how all this mistaken idea of denouncing pleasure and praising pain was born and I will give you a complete account of the system, and expound the actual teachings of the great explorer of the truth, the master-builder of human happiness. No one rejects, dislikes, or avoids pleasure itself, because it is pleasure, but because those who do not know how to pursue pleasure rationally encounter consequences that are extremely painful. Nor again is there anyone who loves or pursues or desires to obtain pain of itself, because it is pain, but because occasionally circumstances occur in which toil and pain can procure him some great pleasure. To take a trivial example, which of us ever undertakes laborious physical exercise, except to obtain some advantage from it ?</p><p><cite lang=\"en\"><br></cite></p><br>','','NO'),(53,1,1,'2011-06-30 22:23:19','About us','','<p><img class=\"left_border\" src=\"/library/media/images/user/business.jpg\" border=\"0\" height=\"150\" width=\"209\"></p><p>\"Lorem ipsum dolor sit amet, consectetur adipisicing elit, sed do eiusmod tempor incididunt ut labore et dolore magna aliqua. Ut enim ad minim veniam, quis nostrud exercitation ullamco laboris nisi ut aliquip ex ea commodo consequat. Duis aute irure dolor in reprehenderit in voluptate velit esse cillum dolore eu fugiat nulla pariatur. Excepteur sint occaecat cupidatat non proident, sunt in culpa qui officia deserunt mollit anim id est laborum.\"</p><p>\"Sed ut perspiciatis unde omnis iste natus error sit voluptatem accusantium doloremque laudantium, totam rem aperiam, eaque ipsa quae ab illo inventore veritatis et quasi architecto beatae vitae dicta sunt explicabo. Nemo enim ipsam voluptatem quia voluptas sit aspernatur aut odit aut fugit, sed quia consequuntur magni dolores eos qui ratione voluptatem sequi nesciunt. Neque porro quisquam est, qui dolorem ipsum quia dolor sit amet, consectetur, adipisci velit, sed quia non numquam eius modi tempora incidunt ut labore et dolore magnam aliquam quaerat voluptatem. Ut enim ad minima veniam, quis nostrum exercitationem ullam corporis suscipit laboriosam, nisi ut aliquid ex ea commodi consequatur? Quis autem vel eum iure reprehenderit qui in ea voluptate velit esse quam nihil molestiae consequatur, vel illum qui dolorem eum fugiat quo voluptas nulla pariatur ?\"</p><p><cite lang=\"en\">But who has any right to find fault with a man who chooses to enjoy a pleasure that has no annoying consequences, or one who avoids a pain that produces no resultant pleasure ?</cite></p><p>\"But I must explain to you how all this mistaken idea of denouncing pleasure and praising pain was born and I will give you a complete account of the system, and expound the actual teachings of the great explorer of the truth, the master-builder of human happiness. No one rejects, dislikes, or avoids pleasure itself, because it is pleasure, but because those who do not know how to pursue pleasure rationally encounter consequences that are extremely painful. Nor again is there anyone who loves or pursues or desires to obtain pain of itself, because it is pain, but because occasionally circumstances occur in which toil and pain can procure him some great pleasure. To take a trivial example, which of us ever undertakes laborious physical exercise, except to obtain some advantage from it ?</p>','','NO'),(54,1,9,'2011-06-30 23:01:45','Welcome','','<img src=\"/library/media/images/user/home.jpg\" alt=\"Welcome\" border=\"0\" height=\"264\" width=\"990\"><br><br><table style=\"width: 100%;\" border=\"0\" cellpadding=\"5\" cellspacing=\"0\"><tbody><tr><td style=\"width: 50%;\" valign=\"top\"><h2>Welcome</h2>It is a long established fact that a reader will be distracted by the readable content of a page when looking at its layout. The point of using Lorem Ipsum is that it has a more-or-less normal distribution of letters, as opposed to using \'Content here, content here\', making it look like readable English. <br><a class=\"more_info\" href=\"{@NUTS	TYPE=\'PAGE\'	CONTENT=\'URL\'	ID=\'1\'}\">more info</a></td><td rowspan=\"2\" valign=\"top\"><h2>News and Events</h2>{@NUTS	TYPE=\'REGION\'	NAME=\'News-home-List\'}<br></td></tr><tr><td style=\"width: 50%;\" valign=\"top\"><h2>Our Products</h2><ul><li><a href=\"{@NUTS	TYPE=\'PAGE\'	CONTENT=\'URL\'	ID=\'6\'}\">View our product 1</a></li><li><a href=\"{@NUTS	TYPE=\'PAGE\'	CONTENT=\'URL\'	ID=\'7\'}\">View our product 2</a></li><li><a href=\"{@NUTS	TYPE=\'PAGE\'	CONTENT=\'URL\'	ID=\'8\'}\">View our product 3</a></li></ul></td></tr></tbody></table><br>\n\n','','NO'),(55,1,9,'2011-06-30 23:15:56','Welcome','','<img src=\"/library/media/images/user/home.jpg\" alt=\"Welcome\" border=\"0\" height=\"264\" width=\"990\"><br><br><table style=\"width: 100%;\" border=\"0\" cellpadding=\"5\" cellspacing=\"0\"><tbody><tr><td style=\"width: 50%;\" valign=\"top\"><h2>Welcome</h2>It is a long established fact that a reader will be distracted by the readable content of a page when looking at its layout. The point of using Lorem Ipsum is that it has a more-or-less normal distribution of letters, as opposed to using \'Content here, content here\', making it look like readable English. <br><a class=\"more_info\" href=\"{@NUTS	TYPE=\'PAGE\'	CONTENT=\'URL\'	ID=\'1\'}\">more info</a></td><td valign=\"top\"><br></td><td rowspan=\"2\" valign=\"top\"><h2>News and Events</h2>\n{@NUTS	TYPE=\'REGION\'	NAME=\'News-home-List\'}\n<br></td></tr><tr><td style=\"width: 50%;\" valign=\"top\"><h2>Our Products</h2><ul><li><a href=\"{@NUTS	TYPE=\'PAGE\'	CONTENT=\'URL\'	ID=\'6\'}\">View our product 1</a></li><li><a href=\"{@NUTS	TYPE=\'PAGE\'	CONTENT=\'URL\'	ID=\'7\'}\">View our product 2</a></li><li><a href=\"{@NUTS	TYPE=\'PAGE\'	CONTENT=\'URL\'	ID=\'8\'}\">View our product 3</a></li></ul></td></tr></tbody></table><br>','','NO'),(56,1,9,'2011-06-30 23:20:51','Welcome','','<img src=\"/library/media/images/user/home.jpg\" alt=\"Welcome\" border=\"0\" height=\"264\" width=\"990\"><br><br><table style=\"width: 100%;\" border=\"0\" cellpadding=\"5\" cellspacing=\"0\"><tbody><tr><td style=\"width: 50%;\" valign=\"top\"><h2>Welcome</h2>It is a long established fact that a reader will be distracted by the readable content of a page when looking at its layout. The point of using Lorem Ipsum is that it has a more-or-less normal distribution of letters, as opposed to using \'Content here, content here\', making it look like readable English. <br><a class=\"more_info\" href=\"{@NUTS	TYPE=\'PAGE\'	CONTENT=\'URL\'	ID=\'1\'}\">more info</a></td><td style=\"width: 20px;\" valign=\"top\">&nbsp;</td><td rowspan=\"2\" valign=\"top\"><h2>News and Events</h2>{@NUTS	TYPE=\'REGION\'	NAME=\'News-home-List\'} </td></tr><tr><td style=\"width: 50%;\" valign=\"top\"><h2>Our Products</h2><ul><li><a href=\"{@NUTS	TYPE=\'PAGE\'	CONTENT=\'URL\'	ID=\'6\'}\">View our product 1</a></li><li><a href=\"{@NUTS	TYPE=\'PAGE\'	CONTENT=\'URL\'	ID=\'7\'}\">View our product 2</a></li><li><a href=\"{@NUTS	TYPE=\'PAGE\'	CONTENT=\'URL\'	ID=\'8\'}\">View our product 3</a></li></ul></td></tr></tbody></table><br>','','NO'),(57,1,14,'2011-06-30 23:27:50','News and events','','<br>','','NO'),(58,1,15,'2011-06-30 23:29:09','','','<br>','','NO'),(59,1,15,'2011-06-30 23:29:27','','','<br>','','NO'),(60,1,14,'2011-06-30 23:29:33','News and events','','<br>','','NO'),(61,1,15,'2011-06-30 23:29:43','','','<br>','','NO'),(62,1,15,'2011-06-30 23:31:05','','','{@NUTS	TYPE=\'PLUGIN\'	NAME=\'_news-reader\'	PARAMETERS=\'\'}\n','','NO'),(63,1,14,'2011-07-01 00:36:37','News and events','','{@NUTS	TYPE=\'REGION\'	NAME=\'News-List\'}\n','','NO'),(64,1,14,'2011-07-01 00:37:11','News and events','','\n{@NUTS	TYPE=\'REGION\'	NAME=\'News-List\'}\n','','NO'),(65,1,15,'2011-07-01 00:51:11','','','\n{@NUTS	TYPE=\'PLUGIN\'	NAME=\'_news-reader\'	PARAMETERS=\'\'}\n','','NO'),(66,1,4,'2011-07-01 01:08:50','Contact us','','\n{@NUTS	TYPE=\'FORM\'	NAME=\'contact_us\'}\n','','NO'),(67,1,9,'2011-07-01 01:12:36','Welcome','','<img src=\"/library/media/images/user/home.jpg\" alt=\"Welcome\" border=\"0\" height=\"264\" width=\"990\"><br><br><table style=\"width: 100%;\" border=\"0\" cellpadding=\"5\" cellspacing=\"0\"><tbody><tr><td style=\"width: 50%;\" valign=\"top\"><h2>Welcome</h2>It is a long established fact that a reader will be distracted by the readable content of a page when looking at its layout. The point of using Lorem Ipsum is that it has a more-or-less normal distribution of letters, as opposed to using \'Content here, content here\', making it look like readable English. <br><a class=\"more_info\" href=\"{@NUTS	TYPE=\'PAGE\'	CONTENT=\'URL\'	ID=\'1\'}\">more info</a></td><td style=\"width: 20px;\" valign=\"top\">&nbsp;</td><td rowspan=\"2\" valign=\"top\"><h2>News and Events</h2>\n{@NUTS	TYPE=\'REGION\'	NAME=\'News-home-List\'}\n </td></tr><tr><td style=\"width: 50%;\" valign=\"top\"><h2>Our Products</h2><ul><li><a href=\"{@NUTS	TYPE=\'PAGE\'	CONTENT=\'URL\'	ID=\'6\'}\">View our product 1</a></li><li><a href=\"{@NUTS	TYPE=\'PAGE\'	CONTENT=\'URL\'	ID=\'7\'}\">View our product 2</a></li><li><a href=\"{@NUTS	TYPE=\'PAGE\'	CONTENT=\'URL\'	ID=\'8\'}\">View our product 3</a></li></ul></td></tr></tbody></table><br>','','NO'),(68,1,5,'2011-07-01 01:14:20','Products','','<b>Please choose your product :</b><br><br>\n{@NUTS	TYPE=\'MENU\'	CONTENT=\'ALL CHILDRENS\'	FROM=\'Products\'	ID=\'5\'	OUTPUT=\'LI&gt;UL\'	CSS=\'menu_5\'	ATTRIBUTES=\'\'	INCLUDE_PARENT=\'0\'}\n','','NO'),(69,1,6,'2011-07-01 01:27:17','Product 1','','<img class=\"left_border\" src=\"/library/media/images/user/box.jpg\" alt=\"Box product 1\" border=\"0\" height=\"200\" width=\"250\"><p>Quaestione igitur per multiplices dilatata fortunas cum ambigerentur quaedam, non nulla levius actitata constaret, post multorum clades Apollinares ambo pater et filius in exilium acti cum ad locum Crateras nomine pervenissent, villam scilicet suam quae ab Antiochia vicensimo et quarto disiungitur lapide, ut mandatum est, fractis cruribus occiduntur.</p><p>Post hoc impie perpetratum quod in aliis quoque iam timebatur, tamquam licentia crudelitati indulta per suspicionum nebulas aestimati quidam noxii damnabantur. quorum pars necati, alii puniti bonorum multatione actique laribus suis extorres nullo sibi relicto praeter querelas et lacrimas, stipe conlaticia victitabant, et civili iustoque imperio ad voluntatem converso cruentam, claudebantur opulentae domus et clarae.</p>Ob haec et huius modi multa, quae cernebantur in paucis, omnibus timeri sunt coepta. et ne tot malis dissimulatis paulatimque serpentibus acervi crescerent aerumnarum, nobilitatis decreto legati mittuntur: Praetextatus ex urbi praefecto et ex vicario Venustus et ex consulari Minervius oraturi, ne delictis supplicia sint grandiora, neve senator quisquam inusitato et inlicito more tormentis exponeretur.<br>','','NO'),(70,1,6,'2011-07-01 01:31:29','Product 1','','<img class=\"left_border\" src=\"/library/media/images/user/box.jpg\" alt=\"Box product 1\" border=\"0\" height=\"200\" width=\"250\"><p>Quaestione igitur per multiplices dilatata fortunas cum ambigerentur quaedam, non nulla levius actitata constaret, post multorum clades Apollinares ambo pater et filius in exilium acti cum ad locum Crateras nomine pervenissent, villam scilicet suam quae ab Antiochia vicensimo et quarto disiungitur lapide, ut mandatum est, fractis cruribus occiduntur.</p><p>Post hoc impie perpetratum quod in aliis quoque iam timebatur, tamquam licentia crudelitati indulta per suspicionum nebulas aestimati quidam noxii damnabantur. quorum pars necati, alii puniti bonorum multatione actique laribus suis extorres nullo sibi relicto praeter querelas et lacrimas, stipe conlaticia victitabant, et civili iustoque imperio ad voluntatem converso cruentam, claudebantur opulentae domus et clarae.</p>Ob haec et huius modi multa, quae cernebantur in paucis, omnibus timeri sunt coepta. et ne tot malis dissimulatis paulatimque serpentibus acervi crescerent aerumnarum, nobilitatis decreto legati mittuntur: Praetextatus ex urbi praefecto et ex vicario Venustus et ex consulari Minervius oraturi, ne delictis supplicia sint grandiora, neve senator quisquam inusitato et inlicito more tormentis exponeretur.<br><br><br><br><table style=\"width: 100%;\" border=\"0\" cellpadding=\"5\" cellspacing=\"0\"><tbody><tr><th>Test</th><th>Merci</th></tr><tr><td>&nbsp;</td><td>&nbsp;</td></tr></tbody></table><br>','','NO'),(71,1,6,'2011-07-01 01:33:05','Product 1','','<img class=\"left_border\" src=\"/library/media/images/user/box.jpg\" border=\"0\" alt=\"Box product 1\" width=\"250\" height=\"200\" /><p>Quaestione igitur per multiplices dilatata fortunas cum ambigerentur quaedam, non nulla levius actitata constaret, post multorum clades Apollinares ambo pater et filius in exilium acti cum ad locum Crateras nomine pervenissent, villam scilicet suam quae ab Antiochia vicensimo et quarto disiungitur lapide, ut mandatum est, fractis cruribus occiduntur.</p><p>Post hoc impie perpetratum quod in aliis quoque iam timebatur, tamquam licentia crudelitati indulta per suspicionum nebulas aestimati quidam noxii damnabantur. quorum pars necati, alii puniti bonorum multatione actique laribus suis extorres nullo sibi relicto praeter querelas et lacrimas, stipe conlaticia victitabant, et civili iustoque imperio ad voluntatem converso cruentam, claudebantur opulentae domus et clarae.</p>Ob haec et huius modi multa, quae cernebantur in paucis, omnibus timeri sunt coepta. et ne tot malis dissimulatis paulatimque serpentibus acervi crescerent aerumnarum, nobilitatis decreto legati mittuntur: Praetextatus ex urbi praefecto et ex vicario Venustus et ex consulari Minervius oraturi, ne delictis supplicia sint grandiora, neve senator quisquam inusitato et inlicito more tormentis exponeretur.<br /><br /><br /><br /><table style=\"width: 100%;\" border=\"0\" cellspacing=\"0\" cellpadding=\"5\"><tbody><tr><th>Test</th><th style=\"width: 25px;\">Merci</th></tr><tr><td>&nbsp;</td><td>&nbsp;</td></tr></tbody></table><br />','','NO'),(72,1,6,'2011-07-01 01:33:08','Product 1','','<img class=\"left_border\" src=\"/library/media/images/user/box.jpg\" alt=\"Box product 1\" border=\"0\" height=\"200\" width=\"250\"><p>Quaestione igitur per multiplices dilatata fortunas cum ambigerentur quaedam, non nulla levius actitata constaret, post multorum clades Apollinares ambo pater et filius in exilium acti cum ad locum Crateras nomine pervenissent, villam scilicet suam quae ab Antiochia vicensimo et quarto disiungitur lapide, ut mandatum est, fractis cruribus occiduntur.</p><p>Post hoc impie perpetratum quod in aliis quoque iam timebatur, tamquam licentia crudelitati indulta per suspicionum nebulas aestimati quidam noxii damnabantur. quorum pars necati, alii puniti bonorum multatione actique laribus suis extorres nullo sibi relicto praeter querelas et lacrimas, stipe conlaticia victitabant, et civili iustoque imperio ad voluntatem converso cruentam, claudebantur opulentae domus et clarae.</p>Ob haec et huius modi multa, quae cernebantur in paucis, omnibus timeri sunt coepta. et ne tot malis dissimulatis paulatimque serpentibus acervi crescerent aerumnarum, nobilitatis decreto legati mittuntur: Praetextatus ex urbi praefecto et ex vicario Venustus et ex consulari Minervius oraturi, ne delictis supplicia sint grandiora, neve senator quisquam inusitato et inlicito more tormentis exponeretur.<br><br><br><br><table style=\"width: 100%;\" border=\"0\" cellpadding=\"5\" cellspacing=\"0\"><tbody><tr><th>Test</th><th style=\"width: 25px;\">Merci</th></tr><tr><td>&nbsp;</td><td>&nbsp;</td></tr></tbody></table><br>','','NO'),(73,1,6,'2011-07-01 01:36:26','Product 1','','<img class=\"left_border\" src=\"/library/media/images/user/box.jpg\" border=\"0\" alt=\"Box product 1\" width=\"250\" height=\"200\" /><p>Quaestione igitur per multiplices dilatata fortunas cum ambigerentur quaedam, non nulla levius actitata constaret, post multorum clades Apollinares ambo pater et filius in exilium acti cum ad locum Crateras nomine pervenissent, villam scilicet suam quae ab Antiochia vicensimo et quarto disiungitur lapide, ut mandatum est, fractis cruribus occiduntur.</p><p>Post hoc impie perpetratum quod in aliis quoque iam timebatur, tamquam licentia crudelitati indulta per suspicionum nebulas aestimati quidam noxii damnabantur. quorum pars necati, alii puniti bonorum multatione actique laribus suis extorres nullo sibi relicto praeter querelas et lacrimas, stipe conlaticia victitabant, et civili iustoque imperio ad voluntatem converso cruentam, claudebantur opulentae domus et clarae.</p>Ob haec et huius modi multa, quae cernebantur in paucis, omnibus timeri sunt coepta. et ne tot malis dissimulatis paulatimque serpentibus acervi crescerent aerumnarum, nobilitatis decreto legati mittuntur: Praetextatus ex urbi praefecto et ex vicario Venustus et ex consulari Minervius oraturi, ne delictis supplicia sint grandiora, neve senator quisquam inusitato et inlicito more tormentis exponeretur.<br /><br /><br /><br /><table class=\"table\" style=\"width: 100%;\" border=\"0\" cellspacing=\"0\" cellpadding=\"5\"><tbody><tr><th>Test</th><th style=\"width: 25px;\">Merci</th></tr><tr><td>&nbsp;</td><td>&nbsp;</td></tr></tbody></table><br />','','NO'),(74,1,6,'2011-07-01 01:36:28','Product 1','','<img class=\"left_border\" src=\"/library/media/images/user/box.jpg\" alt=\"Box product 1\" border=\"0\" height=\"200\" width=\"250\"><p>Quaestione igitur per multiplices dilatata fortunas cum ambigerentur quaedam, non nulla levius actitata constaret, post multorum clades Apollinares ambo pater et filius in exilium acti cum ad locum Crateras nomine pervenissent, villam scilicet suam quae ab Antiochia vicensimo et quarto disiungitur lapide, ut mandatum est, fractis cruribus occiduntur.</p><p>Post hoc impie perpetratum quod in aliis quoque iam timebatur, tamquam licentia crudelitati indulta per suspicionum nebulas aestimati quidam noxii damnabantur. quorum pars necati, alii puniti bonorum multatione actique laribus suis extorres nullo sibi relicto praeter querelas et lacrimas, stipe conlaticia victitabant, et civili iustoque imperio ad voluntatem converso cruentam, claudebantur opulentae domus et clarae.</p>Ob haec et huius modi multa, quae cernebantur in paucis, omnibus timeri sunt coepta. et ne tot malis dissimulatis paulatimque serpentibus acervi crescerent aerumnarum, nobilitatis decreto legati mittuntur: Praetextatus ex urbi praefecto et ex vicario Venustus et ex consulari Minervius oraturi, ne delictis supplicia sint grandiora, neve senator quisquam inusitato et inlicito more tormentis exponeretur.<br><br><br><br><table class=\"table\" style=\"width: 100%;\" border=\"0\" cellpadding=\"5\" cellspacing=\"0\"><tbody><tr><th>Test</th><th style=\"width: 25px;\">Merci</th></tr><tr><td>&nbsp;</td><td>&nbsp;</td></tr></tbody></table><br>','','NO'),(75,1,6,'2011-07-01 01:37:56','Product 1','','<img class=\"left_border\" src=\"/library/media/images/user/box.jpg\" alt=\"Box product 1\" border=\"0\" height=\"200\" width=\"250\"><p>Quaestione igitur per multiplices dilatata fortunas cum ambigerentur quaedam, non nulla levius actitata constaret, post multorum clades Apollinares ambo pater et filius in exilium acti cum ad locum Crateras nomine pervenissent, villam scilicet suam quae ab Antiochia vicensimo et quarto disiungitur lapide, ut mandatum est, fractis cruribus occiduntur.</p><p>Post hoc impie perpetratum quod in aliis quoque iam timebatur, tamquam licentia crudelitati indulta per suspicionum nebulas aestimati quidam noxii damnabantur. quorum pars necati, alii puniti bonorum multatione actique laribus suis extorres nullo sibi relicto praeter querelas et lacrimas, stipe conlaticia victitabant, et civili iustoque imperio ad voluntatem converso cruentam, claudebantur opulentae domus et clarae.</p>Ob haec et huius modi multa, quae cernebantur in paucis, omnibus timeri sunt coepta. et ne tot malis dissimulatis paulatimque serpentibus acervi crescerent aerumnarum, nobilitatis decreto legati mittuntur: Praetextatus ex urbi praefecto et ex vicario Venustus et ex consulari Minervius oraturi, ne delictis supplicia sint grandiora, neve senator quisquam inusitato et inlicito more tormentis exponeretur.<br><br><br>','','NO'),(76,1,7,'2011-07-01 01:38:05','Product 2','','<img class=\"left_border\" src=\"/library/media/images/user/box.jpg\" alt=\"Box product 1\" border=\"0\" height=\"200\" width=\"250\"><p>Quaestione igitur per multiplices dilatata fortunas cum ambigerentur quaedam, non nulla levius actitata constaret, post multorum clades Apollinares ambo pater et filius in exilium acti cum ad locum Crateras nomine pervenissent, villam scilicet suam quae ab Antiochia vicensimo et quarto disiungitur lapide, ut mandatum est, fractis cruribus occiduntur.</p><p>Post hoc impie perpetratum quod in aliis quoque iam timebatur, tamquam licentia crudelitati indulta per suspicionum nebulas aestimati quidam noxii damnabantur. quorum pars necati, alii puniti bonorum multatione actique laribus suis extorres nullo sibi relicto praeter querelas et lacrimas, stipe conlaticia victitabant, et civili iustoque imperio ad voluntatem converso cruentam, claudebantur opulentae domus et clarae.</p>Ob haec et huius modi multa, quae cernebantur in paucis, omnibus timeri sunt coepta. et ne tot malis dissimulatis paulatimque serpentibus acervi crescerent aerumnarum, nobilitatis decreto legati mittuntur: Praetextatus ex urbi praefecto et ex vicario Venustus et ex consulari Minervius oraturi, ne delictis supplicia sint grandiora, neve senator quisquam inusitato et inlicito more tormentis exponeretur.<br><br><br>','','NO'),(77,1,8,'2011-07-01 01:38:09','Product 3','','<img class=\"left_border\" src=\"/library/media/images/user/box.jpg\" alt=\"Box product 1\" border=\"0\" height=\"200\" width=\"250\"><p>Quaestione igitur per multiplices dilatata fortunas cum ambigerentur quaedam, non nulla levius actitata constaret, post multorum clades Apollinares ambo pater et filius in exilium acti cum ad locum Crateras nomine pervenissent, villam scilicet suam quae ab Antiochia vicensimo et quarto disiungitur lapide, ut mandatum est, fractis cruribus occiduntur.</p><p>Post hoc impie perpetratum quod in aliis quoque iam timebatur, tamquam licentia crudelitati indulta per suspicionum nebulas aestimati quidam noxii damnabantur. quorum pars necati, alii puniti bonorum multatione actique laribus suis extorres nullo sibi relicto praeter querelas et lacrimas, stipe conlaticia victitabant, et civili iustoque imperio ad voluntatem converso cruentam, claudebantur opulentae domus et clarae.</p>Ob haec et huius modi multa, quae cernebantur in paucis, omnibus timeri sunt coepta. et ne tot malis dissimulatis paulatimque serpentibus acervi crescerent aerumnarum, nobilitatis decreto legati mittuntur: Praetextatus ex urbi praefecto et ex vicario Venustus et ex consulari Minervius oraturi, ne delictis supplicia sint grandiora, neve senator quisquam inusitato et inlicito more tormentis exponeretur.<br><br><br>','','NO'),(78,1,16,'2011-07-01 01:42:49','Sitemap','','<br>','','NO'),(79,1,16,'2011-07-01 01:43:50','Sitemap','','{@NUTS	TYPE=\'MENU\'	CONTENT=\'ALL CHILDRENS\'	FROM=\'Main menu\'	ZONE_ID=\'0\'	OUTPUT=\'LI&gt;UL\'	CSS=\'zone_0\'	ATTRIBUTES=\'\'	INCLUDE_PARENT=\'0\'}','','NO'),(80,1,16,'2011-07-01 01:44:57','Sitemap','','\n{@NUTS	TYPE=\'MENU\'	CONTENT=\'ALL CHILDRENS\'	FROM=\'Main menu\'	ZONE_ID=\'0\'	OUTPUT=\'LI&gt;UL\'	CSS=\'sitemap\'	ATTRIBUTES=\'\'	INCLUDE_PARENT=\'0\'}\n','','NO'),(81,1,9,'2011-07-01 01:59:32','Welcome','','<img src=\"/library/media/images/user/home.jpg\" alt=\"Welcome\" border=\"0\" height=\"264\" width=\"990\"><br><br><table style=\"width: 100%;\" border=\"0\" cellpadding=\"5\" cellspacing=\"0\"><tbody><tr><td style=\"width: 50%;\" valign=\"top\"><h2>Welcome</h2>It is a long established fact that a reader will be distracted by the readable content of a page when looking at its layout. The point of using Lorem Ipsum is that it has a more-or-less normal distribution of letters, as opposed to using \'Content here, content here\', making it look like readable English. <br><a class=\"more_info\" href=\"{@NUTS	TYPE=\'PAGE\'	CONTENT=\'URL\'	ID=\'1\'}\">more info</a></td><td style=\"width: 20px;\" valign=\"top\">&nbsp;</td><td rowspan=\"2\" valign=\"top\"><h2>News and Events</h2>\n\n{@NUTS	TYPE=\'REGION\'	NAME=\'News-home-List\'}\n\n </td></tr><tr><td style=\"width: 50%;\" valign=\"top\"><h2>Our Products</h2><ul><li><a href=\"{@NUTS	TYPE=\'PAGE\'	CONTENT=\'URL\'	ID=\'6\'}\">View our product 1</a></li><li><a href=\"{@NUTS	TYPE=\'PAGE\'	CONTENT=\'URL\'	ID=\'7\'}\">View our product 2</a></li><li><a href=\"{@NUTS	TYPE=\'PAGE\'	CONTENT=\'URL\'	ID=\'8\'}\">View our product 3</a></li></ul></td></tr></tbody></table><br>','','NO'),(82,1,9,'2011-07-03 23:00:38','Welcome','','<img src=\"/library/media/images/user/home.jpg\" alt=\"Welcome\" border=\"0\" /><br><br><table style=\"width: 100%;\" border=\"0\" cellpadding=\"5\" cellspacing=\"0\"><tbody><tr><td style=\"width: 50%;\" valign=\"top\"><h2>Welcome</h2>It is a long established fact that a reader will be distracted by the readable content of a page when looking at its layout. The point of using Lorem Ipsum is that it has a more-or-less normal distribution of letters, as opposed to using \'Content here, content here\', making it look like readable English. <br><a class=\"more_info\" href=\"{@NUTS	TYPE=\'PAGE\'	CONTENT=\'URL\'	ID=\'1\'}\">more info</a></td><td style=\"width: 20px;\" valign=\"top\">&nbsp;</td><td rowspan=\"2\" valign=\"top\"><h2>News and Events</h2>\n\n{@NUTS	TYPE=\'REGION\'	NAME=\'News-home-List\'}\n\n </td></tr><tr><td style=\"width: 50%;\" valign=\"top\"><h2>Our Products</h2><ul><li><a href=\"{@NUTS	TYPE=\'PAGE\'	CONTENT=\'URL\'	ID=\'6\'}\">View our product 1</a></li><li><a href=\"{@NUTS	TYPE=\'PAGE\'	CONTENT=\'URL\'	ID=\'7\'}\">View our product 2</a></li><li><a href=\"{@NUTS	TYPE=\'PAGE\'	CONTENT=\'URL\'	ID=\'8\'}\">View our product 3</a></li></ul></td></tr></tbody></table><br>','','NO'),(83,1,9,'2011-07-03 23:45:35','Welcome','','<br><div class=\"grid6\"><h2>Welcome</h2>It is a long established fact that a reader will be distracted by the readable content of a page when looking at its layout. The point of using Lorem Ipsum is that it has a more-or-less normal distribution of letters, as opposed to using \'Content here, content here\', making it look like readable English. <br> <a class=\"more_info\" href=\"{@NUTS	TYPE=\'PAGE\'	CONTENT=\'URL\'	ID=\'1\'}\"> more info</a><h2>Our Products</h2><ul><li><a href=\"{@NUTS	TYPE=\'PAGE\'	CONTENT=\'URL\'	ID=\'6\'}\"> View our product 1</a></li><li><a href=\"{@NUTS	TYPE=\'PAGE\'	CONTENT=\'URL\'	ID=\'7\'}\"> View our product 2</a></li><li><a href=\"{@NUTS	TYPE=\'PAGE\'	CONTENT=\'URL\'	ID=\'8\'}\"> View our product 3</a></li></ul></div><div class=\"grid6\"><h2>News and Events</h2>{@NUTS	TYPE=\'REGION\'	NAME=\'News-home-List\'}</div><br><br>','','NO'),(84,1,9,'2011-07-03 23:46:14','Welcome','','<img src=\"/library/media/images/user/home.jpg\" alt=\"Home\" border=\"0\" height=\"256\" width=\"960\"><br><div class=\"grid6\"><h2>Welcome</h2>It is a long established fact that a reader will be distracted by the readable content of a page when looking at its layout. The point of using Lorem Ipsum is that it has a more-or-less normal distribution of letters, as opposed to using \'Content here, content here\', making it look like readable English. <br> <a class=\"more_info\" href=\"{@NUTS	TYPE=\'PAGE\'	CONTENT=\'URL\'	ID=\'1\'}\"> more info</a><h2>Our Products</h2><ul><li><a href=\"{@NUTS	TYPE=\'PAGE\'	CONTENT=\'URL\'	ID=\'6\'}\"> View our product 1</a></li><li><a href=\"{@NUTS	TYPE=\'PAGE\'	CONTENT=\'URL\'	ID=\'7\'}\"> View our product 2</a></li><li><a href=\"{@NUTS	TYPE=\'PAGE\'	CONTENT=\'URL\'	ID=\'8\'}\"> View our product 3</a></li></ul></div><div class=\"grid6\"><h2>News and Events</h2>{@NUTS	TYPE=\'REGION\'	NAME=\'News-home-List\'}</div><br><br>','','NO'),(85,1,9,'2011-07-03 23:47:28','Welcome','','<img src=\"/library/media/images/user/home.jpg\" alt=\"Home\" border=\"0\" height=\"256\" width=\"960\"><br><div class=\"grid_6\"><h2>Welcome</h2>It is a long established fact that a reader will be distracted by the readable content of a page when looking at its layout. The point of using Lorem Ipsum is that it has a more-or-less normal distribution of letters, as opposed to using \'Content here, content here\', making it look like readable English. <br> <a class=\"more_info\" href=\"{@NUTS	TYPE=\'PAGE\'	CONTENT=\'URL\'	ID=\'1\'}\"> more info</a><h2>Our Products</h2><ul><li><a href=\"{@NUTS	TYPE=\'PAGE\'	CONTENT=\'URL\'	ID=\'6\'}\"> View our product 1</a></li><li><a href=\"{@NUTS	TYPE=\'PAGE\'	CONTENT=\'URL\'	ID=\'7\'}\"> View our product 2</a></li><li><a href=\"{@NUTS	TYPE=\'PAGE\'	CONTENT=\'URL\'	ID=\'8\'}\"> View our product 3</a></li></ul></div><div class=\"grid_6\"><h2>News and Events</h2>\n{@NUTS	TYPE=\'REGION\'	NAME=\'News-home-List\'}\n</div><br><br>','','NO'),(86,1,9,'2011-07-03 23:47:57','Welcome','','<img src=\"/library/media/images/user/home.jpg\" alt=\"Home\" border=\"0\" height=\"256\" width=\"960\"><br><div class=\"grid_6\"><h2>Welcome</h2>It is a long established fact that a reader will be distracted by the readable content of a page when looking at its layout. The point of using Lorem Ipsum is that it has a more-or-less normal distribution of letters, as opposed to using \'Content here, content here\', making it look like readable English. <br> <a class=\"more_info\" href=\"{@NUTS	TYPE=\'PAGE\'	CONTENT=\'URL\'	ID=\'1\'}\"> more info</a><h2>Our Products</h2><ul><li><a href=\"{@NUTS	TYPE=\'PAGE\'	CONTENT=\'URL\'	ID=\'6\'}\"> View our product 1</a></li><li><a href=\"{@NUTS	TYPE=\'PAGE\'	CONTENT=\'URL\'	ID=\'7\'}\"> View our product 2</a></li><li><a href=\"{@NUTS	TYPE=\'PAGE\'	CONTENT=\'URL\'	ID=\'8\'}\"> View our product 3</a></li></ul></div><div class=\"grid_6\"><h2>News and Events</h2>\n\n{@NUTS	TYPE=\'REGION\'	NAME=\'News-home-List\'}\n\n</div>\n\n<div class=\"clear\"></div>','','NO'),(87,1,9,'2011-07-03 23:50:54','Welcome','','<img src=\"/library/media/images/user/home.jpg\" alt=\"Home\" border=\"0\" height=\"256\" width=\"960\"><br><div class=\"grid_6\"><h2>Welcome</h2>It is a long established fact that a reader will be distracted by the readable content of a page when looking at its layout. The point of using Lorem Ipsum is that it has a more-or-less normal distribution of letters, as opposed to using \'Content here, content here\', making it look like readable English. <br> <a class=\"more_info\" href=\"{@NUTS	TYPE=\'PAGE\'	CONTENT=\'URL\'	ID=\'1\'}\"> more info</a><h2>&nbsp;</h2><h2>Our Products</h2><ul><li><a href=\"{@NUTS	TYPE=\'PAGE\'	CONTENT=\'URL\'	ID=\'6\'}\"> View our product 1</a></li><li><a href=\"{@NUTS	TYPE=\'PAGE\'	CONTENT=\'URL\'	ID=\'7\'}\"> View our product 2</a></li><li><a href=\"{@NUTS	TYPE=\'PAGE\'	CONTENT=\'URL\'	ID=\'8\'}\"> View our product 3</a></li></ul></div><div class=\"grid_6\"><h2>News and Events</h2>{@NUTS	TYPE=\'REGION\'	NAME=\'News-home-List\'}</div>','','NO'),(88,1,9,'2011-07-04 00:30:35','Welcome','','<img src=\"/library/media/images/user/home.jpg\" alt=\"Home\" border=\"0\" /><br><div class=\"grid_6\"><h2>Welcome</h2>It is a long established fact that a reader will be distracted by the readable content of a page when looking at its layout. The point of using Lorem Ipsum is that it has a more-or-less normal distribution of letters, as opposed to using \'Content here, content here\', making it look like readable English. <br> <a class=\"more_info\" href=\"{@NUTS	TYPE=\'PAGE\'	CONTENT=\'URL\'	ID=\'1\'}\"> more info</a><h2>&nbsp;</h2><h2>Our Products</h2><ul><li><a href=\"{@NUTS	TYPE=\'PAGE\'	CONTENT=\'URL\'	ID=\'6\'}\"> View our product 1</a></li><li><a href=\"{@NUTS	TYPE=\'PAGE\'	CONTENT=\'URL\'	ID=\'7\'}\"> View our product 2</a></li><li><a href=\"{@NUTS	TYPE=\'PAGE\'	CONTENT=\'URL\'	ID=\'8\'}\"> View our product 3</a></li></ul></div><div class=\"grid_6\"><h2>News and Events</h2>\n{@NUTS	TYPE=\'REGION\'	NAME=\'News-home-List\'}\n</div>','','NO'),(89,1,9,'2011-07-04 00:37:29','Welcome','','<img src=\"/library/media/images/user/home.jpg\" alt=\"Home\" border=\"0\"><div class=\"clear\">&nbsp;</div><br><div class=\"grid_6\"><h2>Welcome</h2>It is a long established fact that a reader will be distracted by the readable content of a page when looking at its layout. The point of using Lorem Ipsum is that it has a more-or-less normal distribution of letters, as opposed to using \'Content here, content here\', making it look like readable English. <br> <a class=\"more_info\" href=\"{@NUTS	TYPE=\'PAGE\'	CONTENT=\'URL\'	ID=\'1\'}\"> more info</a><h2>&nbsp;</h2><h2>Our Products</h2><ul><li><a href=\"{@NUTS	TYPE=\'PAGE\'	CONTENT=\'URL\'	ID=\'6\'}\"> View our product 1</a></li><li><a href=\"{@NUTS	TYPE=\'PAGE\'	CONTENT=\'URL\'	ID=\'7\'}\"> View our product 2</a></li><li><a href=\"{@NUTS	TYPE=\'PAGE\'	CONTENT=\'URL\'	ID=\'8\'}\"> View our product 3</a></li></ul></div><div class=\"grid_6\"><h2>News and Events</h2>{@NUTS	TYPE=\'REGION\'	NAME=\'News-home-List\'}</div>','','NO'),(90,1,9,'2011-07-04 02:46:42','Welcome','','<img src=\"/library/media/images/user/home.jpg\" alt=\"Home\" border=\"0\"><div class=\"clear\">&nbsp;</div><br><div class=\"grid_6\"><h2>Welcome</h2>It is a long established fact that a reader will be distracted by the readable content of a page when looking at its layout. The point of using Lorem Ipsum is that it has a more-or-less normal distribution of letters, as opposed to using \'Content here, content here\', making it look like readable English. <br> <a class=\"more_info\" href=\"{@NUTS	TYPE=\'PAGE\'	CONTENT=\'URL\'	ID=\'1\'}\"> more info</a><h2>&nbsp;</h2><h2>Our Products</h2><ul><li><a href=\"{@NUTS	TYPE=\'PAGE\'	CONTENT=\'URL\'	ID=\'6\'}\"> View our product 1</a></li><li><a href=\"{@NUTS	TYPE=\'PAGE\'	CONTENT=\'URL\'	ID=\'7\'}\"> View our product 2</a></li><li><a href=\"{@NUTS	TYPE=\'PAGE\'	CONTENT=\'URL\'	ID=\'8\'}\"> View our product 3</a></li></ul></div><div class=\"grid_6\"><h2>News and Events</h2>\n{@NUTS	TYPE=\'REGION\'	NAME=\'News-home-List\'}\n</div>','','NO'),(91,1,9,'2011-07-04 02:46:53','Welcome','','<img src=\"/library/media/images/user/home.jpg\" alt=\"Home\" border=\"0\"><div class=\"clear\">&nbsp;</div><br><div class=\"grid_6\"><h2>Welcome</h2>It is a long established fact that a reader will be distracted by the readable content of a page when looking at its layout. The point of using Lorem Ipsum is that it has a more-or-less normal distribution of letters, as opposed to using \'Content here, content here\', making it look like readable English. <br> <a class=\"more_info\" href=\"{@NUTS	TYPE=\'PAGE\'	CONTENT=\'URL\'	ID=\'1\'}\"> more info</a><h2>&nbsp;</h2><h2>Our Products</h2><ul><li><a href=\"{@NUTS	TYPE=\'PAGE\'	CONTENT=\'URL\'	ID=\'6\'}\"> View our product 1</a></li><li><a href=\"{@NUTS	TYPE=\'PAGE\'	CONTENT=\'URL\'	ID=\'7\'}\"> View our product 2</a></li><li><a href=\"{@NUTS	TYPE=\'PAGE\'	CONTENT=\'URL\'	ID=\'8\'}\"> View our product 3</a></li></ul></div><div class=\"grid_6\"><h2>News and Events</h2>\n\n{@NUTS	TYPE=\'REGION\'	NAME=\'News-home-List\'}\n\n</div>','','NO'),(92,1,1,'2011-07-04 02:54:01','About us','','<p><img class=\"left_border\" src=\"/library/media/images/user/business.jpg\" border=\"0\" height=\"150\" width=\"209\"></p><p>\"Lorem ipsum dolor sit amet, consectetur adipisicing elit, sed do eiusmod tempor incididunt ut labore et dolore magna aliqua. Ut enim ad minim veniam, quis nostrud exercitation ullamco laboris nisi ut aliquip ex ea commodo consequat. Duis aute irure dolor in reprehenderit in voluptate velit esse cillum dolore eu fugiat nulla pariatur. Excepteur sint occaecat cupidatat non proident, sunt in culpa qui officia deserunt mollit anim id est laborum.\"</p><p>\"Sed ut perspiciatis unde omnis iste natus error sit voluptatem accusantium doloremque laudantium, totam rem aperiam, eaque ipsa quae ab illo inventore veritatis et quasi architecto beatae vitae dicta sunt explicabo. Nemo enim ipsam voluptatem quia voluptas sit aspernatur aut odit aut fugit, sed quia consequuntur magni dolores eos qui ratione voluptatem sequi nesciunt. Neque porro quisquam est, qui dolorem ipsum quia dolor sit amet, consectetur, adipisci velit, sed quia non numquam eius modi tempora incidunt ut labore et dolore magnam aliquam quaerat voluptatem. Ut enim ad minima veniam, quis nostrum exercitationem ullam corporis suscipit laboriosam, nisi ut aliquid ex ea commodi consequatur? Quis autem vel eum iure reprehenderit qui in ea voluptate velit esse quam nihil molestiae consequatur, vel illum qui dolorem eum fugiat quo voluptas nulla pariatur ?\"</p><p><cite lang=\"en\">But who has any right to find fault with a man who chooses to enjoy a pleasure that has no annoying consequences, or one who avoids a pain that produces no resultant pleasure ?</cite></p><p>\"But I must explain to you how all this mistaken idea of denouncing pleasure and praising pain was born and I will give you a complete account of the system, and expound the actual teachings of the great explorer of the truth, the master-builder of human happiness. No one rejects, dislikes, or avoids pleasure itself, because it is pleasure, but because those who do not know how to pursue pleasure rationally encounter consequences that are extremely painful. Nor again is there anyone who loves or pursues or desires to obtain pain of itself, because it is pain, but because occasionally circumstances occur in which toil and pain can procure him some great pleasure. To take a trivial example, which of us ever undertakes laborious physical exercise, except to obtain some advantage from it ?</p>','','NO'),(93,1,1,'2011-07-04 02:54:16','About us','','<p><img class=\"left_border\" src=\"/library/media/images/user/business.jpg\" border=\"0\" height=\"150\" width=\"209\"></p><p>\"Lorem ipsum dolor sit amet, consectetur adipisicing elit, sed do eiusmod tempor incididunt ut labore et dolore magna aliqua. Ut enim ad minim veniam, quis nostrud exercitation ullamco laboris nisi ut aliquip ex ea commodo consequat. Duis aute irure dolor in reprehenderit in voluptate velit esse cillum dolore eu fugiat nulla pariatur. Excepteur sint occaecat cupidatat non proident, sunt in culpa qui officia deserunt mollit anim id est laborum.\"</p><p>\"Sed ut perspiciatis unde omnis iste natus error sit voluptatem accusantium doloremque laudantium, totam rem aperiam, eaque ipsa quae ab illo inventore veritatis et quasi architecto beatae vitae dicta sunt explicabo. Nemo enim ipsam voluptatem quia voluptas sit aspernatur aut odit aut fugit, sed quia consequuntur magni dolores eos qui ratione voluptatem sequi nesciunt. Neque porro quisquam est, qui dolorem ipsum quia dolor sit amet, consectetur, adipisci velit, sed quia non numquam eius modi tempora incidunt ut labore et dolore magnam aliquam quaerat voluptatem. Ut enim ad minima veniam, quis nostrum exercitationem ullam corporis suscipit laboriosam, nisi ut aliquid ex ea commodi consequatur? Quis autem vel eum iure reprehenderit qui in ea voluptate velit esse quam nihil molestiae consequatur, vel illum qui dolorem eum fugiat quo voluptas nulla pariatur ?\"</p><p><cite lang=\"en\">But who has any right to find fault with a man who chooses to enjoy a pleasure that has no annoying consequences, or one who avoids a pain that produces no resultant pleasure ?</cite></p><p>\"But I must explain to you how all this mistaken idea of denouncing pleasure and praising pain was born and I will give you a complete account of the system, and expound the actual teachings of the great explorer of the truth, the master-builder of human happiness. No one rejects, dislikes, or avoids pleasure itself, because it is pleasure, but because those who do not know how to pursue pleasure rationally encounter consequences that are extremely painful. Nor again is there anyone who loves or pursues or desires to obtain pain of itself, because it is pain, but because occasionally circumstances occur in which toil and pain can procure him some great pleasure. To take a trivial example, which of us ever undertakes laborious physical exercise, except to obtain some advantage from it ?</p>','','NO'),(94,1,1,'2011-07-04 02:58:05','About us','','<p><img class=\"left_border\" src=\"/library/media/images/user/business.jpg\" border=\"0\" height=\"150\" width=\"209\"></p><p>\"Lorem ipsum dolor sit amet, consectetur adipisicing elit, sed do eiusmod tempor incididunt ut labore et dolore magna aliqua. Ut enim ad minim veniam, quis nostrud exercitation ullamco laboris nisi ut aliquip ex ea commodo consequat. Duis aute irure dolor in reprehenderit in voluptate velit esse cillum dolore eu fugiat nulla pariatur. Excepteur sint occaecat cupidatat non proident, sunt in culpa qui officia deserunt mollit anim id est laborum.\"</p><p>\"Sed ut perspiciatis unde omnis iste natus error sit voluptatem accusantium doloremque laudantium, totam rem aperiam, eaque ipsa quae ab illo inventore veritatis et quasi architecto beatae vitae dicta sunt explicabo. Nemo enim ipsam voluptatem quia voluptas sit aspernatur aut odit aut fugit, sed quia consequuntur magni dolores eos qui ratione voluptatem sequi nesciunt. Neque porro quisquam est, qui dolorem ipsum quia dolor sit amet, consectetur, adipisci velit, sed quia non numquam eius modi tempora incidunt ut labore et dolore magnam aliquam quaerat voluptatem. Ut enim ad minima veniam, quis nostrum exercitationem ullam corporis suscipit laboriosam, nisi ut aliquid ex ea commodi consequatur? Quis autem vel eum iure reprehenderit qui in ea voluptate velit esse quam nihil molestiae consequatur, vel illum qui dolorem eum fugiat quo voluptas nulla pariatur ?\"</p><p><cite lang=\"en\">But who has any right to find fault with a man who chooses to enjoy a pleasure that has no annoying consequences, or one who avoids a pain that produces no resultant pleasure ?</cite></p><p>\"But I must explain to you how all this mistaken idea of denouncing pleasure and praising pain was born and I will give you a complete account of the system, and expound the actual teachings of the great explorer of the truth, the master-builder of human happiness. No one rejects, dislikes, or avoids pleasure itself, because it is pleasure, but because those who do not know how to pursue pleasure rationally encounter consequences that are extremely painful. Nor again is there anyone who loves or pursues or desires to obtain pain of itself, because it is pain, but because occasionally circumstances occur in which toil and pain can procure him some great pleasure. To take a trivial example, which of us ever undertakes laborious physical exercise, except to obtain some advantage from it ?</p>','','NO'),(95,1,1,'2011-07-04 03:07:02','About us','','<p><img class=\"left_border\" src=\"/library/media/images/user/business.jpg\" border=\"0\" height=\"150\" width=\"209\"></p><p>\"Lorem ipsum dolor sit amet, consectetur adipisicing elit, sed do eiusmod tempor incididunt ut labore et dolore magna aliqua. Ut enim ad minim veniam, quis nostrud exercitation ullamco laboris nisi ut aliquip ex ea commodo consequat. Duis aute irure dolor in reprehenderit in voluptate velit esse cillum dolore eu fugiat nulla pariatur. Excepteur sint occaecat cupidatat non proident, sunt in culpa qui officia deserunt mollit anim id est laborum.\"</p><p>\"Sed ut perspiciatis unde omnis iste natus error sit voluptatem accusantium doloremque laudantium, totam rem aperiam, eaque ipsa quae ab illo inventore veritatis et quasi architecto beatae vitae dicta sunt explicabo. Nemo enim ipsam voluptatem quia voluptas sit aspernatur aut odit aut fugit, sed quia consequuntur magni dolores eos qui ratione voluptatem sequi nesciunt. Neque porro quisquam est, qui dolorem ipsum quia dolor sit amet, consectetur, adipisci velit, sed quia non numquam eius modi tempora incidunt ut labore et dolore magnam aliquam quaerat voluptatem. Ut enim ad minima veniam, quis nostrum exercitationem ullam corporis suscipit laboriosam, nisi ut aliquid ex ea commodi consequatur? Quis autem vel eum iure reprehenderit qui in ea voluptate velit esse quam nihil molestiae consequatur, vel illum qui dolorem eum fugiat quo voluptas nulla pariatur ?\"</p><p><cite lang=\"en\">But who has any right to find fault with a man who chooses to enjoy a pleasure that has no annoying consequences, or one who avoids a pain that produces no resultant pleasure ?</cite></p><p>\"But I must explain to you how all this mistaken idea of denouncing pleasure and praising pain was born and I will give you a complete account of the system, and expound the actual teachings of the great explorer of the truth, the master-builder of human happiness. No one rejects, dislikes, or avoids pleasure itself, because it is pleasure, but because those who do not know how to pursue pleasure rationally encounter consequences that are extremely painful. Nor again is there anyone who loves or pursues or desires to obtain pain of itself, because it is pain, but because occasionally circumstances occur in which toil and pain can procure him some great pleasure. To take a trivial example, which of us ever undertakes laborious physical exercise, except to obtain some advantage from it ?</p>','','NO'),(96,1,9,'2011-07-04 03:13:25','Welcome','','<img src=\"/library/media/images/user/home.jpg\" alt=\"Home\" border=\"0\"><div class=\"clear\">&nbsp;</div><br><div class=\"grid_6\"><h2>Welcome</h2>It is a long established fact that a reader will be distracted by the readable content of a page when looking at its layout. The point of using Lorem Ipsum is that it has a more-or-less normal distribution of letters, as opposed to using \'Content here, content here\', making it look like readable English. <br> <a class=\"more_info\" href=\"{@NUTS	TYPE=\'PAGE\'	CONTENT=\'URL\'	ID=\'1\'}\"> more info</a><h2>&nbsp;</h2><h2>Our Products</h2><ul><li><a href=\"{@NUTS	TYPE=\'PAGE\'	CONTENT=\'URL\'	ID=\'6\'}\"> View our product 1</a></li><li><a href=\"{@NUTS	TYPE=\'PAGE\'	CONTENT=\'URL\'	ID=\'7\'}\"> View our product 2</a></li><li><a href=\"{@NUTS	TYPE=\'PAGE\'	CONTENT=\'URL\'	ID=\'8\'}\"> View our product 3</a></li></ul></div><div class=\"grid_6\"><h2>News and Events</h2>\n\n{@NUTS	TYPE=\'REGION\'	NAME=\'News-home-List\'}\n\n</div>','','NO'),(97,1,9,'2011-07-04 03:14:03','Welcome','','<img src=\"/library/media/images/user/home.jpg\" alt=\"Home\" border=\"0\"><div class=\"clear\">&nbsp;</div><br><div class=\"grid_6\"><h2>Welcome</h2>It is a long established fact that a reader will be distracted by the readable content of a page when looking at its layout. The point of using Lorem Ipsum is that it has a more-or-less normal distribution of letters, as opposed to using \'Content here, content here\', making it look like readable English. <br> <a class=\"more_info\" href=\"{@NUTS	TYPE=\'PAGE\'	CONTENT=\'URL\'	ID=\'1\'}\"> more info</a><h2>&nbsp;</h2><h2>Our Products</h2><ul><li><a href=\"{@NUTS	TYPE=\'PAGE\'	CONTENT=\'URL\'	ID=\'6\'}\"> View our product 1</a></li><li><a href=\"{@NUTS	TYPE=\'PAGE\'	CONTENT=\'URL\'	ID=\'7\'}\"> View our product 2</a></li><li><a href=\"{@NUTS	TYPE=\'PAGE\'	CONTENT=\'URL\'	ID=\'8\'}\"> View our product 3</a></li></ul></div><div class=\"grid_6\"><h2>News and Events</h2>\n\n{@NUTS	TYPE=\'REGION\'	NAME=\'News-home-List\'}\n\n</div>','','NO'),(98,1,1,'2011-07-04 03:16:03','About us','','<p><img class=\"left_border\" src=\"/library/media/images/user/business.jpg\" border=\"0\" height=\"150\" width=\"209\"></p><p>\"Lorem ipsum dolor sit amet, consectetur adipisicing elit, sed do eiusmod tempor incididunt ut labore et dolore magna aliqua. Ut enim ad minim veniam, quis nostrud exercitation ullamco laboris nisi ut aliquip ex ea commodo consequat. Duis aute irure dolor in reprehenderit in voluptate velit esse cillum dolore eu fugiat nulla pariatur. Excepteur sint occaecat cupidatat non proident, sunt in culpa qui officia deserunt mollit anim id est laborum.\"</p><p>\"Sed ut perspiciatis unde omnis iste natus error sit voluptatem accusantium doloremque laudantium, totam rem aperiam, eaque ipsa quae ab illo inventore veritatis et quasi architecto beatae vitae dicta sunt explicabo. Nemo enim ipsam voluptatem quia voluptas sit aspernatur aut odit aut fugit, sed quia consequuntur magni dolores eos qui ratione voluptatem sequi nesciunt. Neque porro quisquam est, qui dolorem ipsum quia dolor sit amet, consectetur, adipisci velit, sed quia non numquam eius modi tempora incidunt ut labore et dolore magnam aliquam quaerat voluptatem. Ut enim ad minima veniam, quis nostrum exercitationem ullam corporis suscipit laboriosam, nisi ut aliquid ex ea commodi consequatur? Quis autem vel eum iure reprehenderit qui in ea voluptate velit esse quam nihil molestiae consequatur, vel illum qui dolorem eum fugiat quo voluptas nulla pariatur ?\"</p><p><cite lang=\"en\">But who has any right to find fault with a man who chooses to enjoy a pleasure that has no annoying consequences, or one who avoids a pain that produces no resultant pleasure ?</cite></p><p>\"But I must explain to you how all this mistaken idea of denouncing pleasure and praising pain was born and I will give you a complete account of the system, and expound the actual teachings of the great explorer of the truth, the master-builder of human happiness. No one rejects, dislikes, or avoids pleasure itself, because it is pleasure, but because those who do not know how to pursue pleasure rationally encounter consequences that are extremely painful. Nor again is there anyone who loves or pursues or desires to obtain pain of itself, because it is pain, but because occasionally circumstances occur in which toil and pain can procure him some great pleasure. To take a trivial example, which of us ever undertakes laborious physical exercise, except to obtain some advantage from it ?</p>','','NO'),(99,1,14,'2011-07-04 03:18:21','News and events','','\n{@NUTS	TYPE=\'REGION\'	NAME=\'News-List\'}\n','','NO'),(100,1,15,'2011-07-04 03:18:44','','','\n{@NUTS	TYPE=\'PLUGIN\'	NAME=\'_news-reader\'	PARAMETERS=\'\'}\n','','NO'),(101,1,5,'2011-07-04 03:19:15','Products','','<b>Please choose your product :</b><br><br>\n\n{@NUTS	TYPE=\'MENU\'	CONTENT=\'ALL CHILDRENS\'	FROM=\'Products\'	ID=\'5\'	OUTPUT=\'LI&gt;UL\'	CSS=\'menu_5\'	ATTRIBUTES=\'\'	INCLUDE_PARENT=\'0\'}\n','','NO'),(102,1,5,'2011-07-04 03:20:16','Products','','<b>Please choose your product :</b><br><br>\n\n{@NUTS	TYPE=\'MENU\'	CONTENT=\'ALL CHILDRENS\'	FROM=\'Products\'	ID=\'5\'	OUTPUT=\'LI&gt;UL\'	CSS=\'menu_5\'	ATTRIBUTES=\'\'	INCLUDE_PARENT=\'0\'}\n','','NO'),(103,1,6,'2011-07-04 03:20:35','Product 1','','<img class=\"left_border\" src=\"/library/media/images/user/box.jpg\" alt=\"Box product 1\" border=\"0\" height=\"200\" width=\"250\"><p>Quaestione igitur per multiplices dilatata fortunas cum ambigerentur quaedam, non nulla levius actitata constaret, post multorum clades Apollinares ambo pater et filius in exilium acti cum ad locum Crateras nomine pervenissent, villam scilicet suam quae ab Antiochia vicensimo et quarto disiungitur lapide, ut mandatum est, fractis cruribus occiduntur.</p><p>Post hoc impie perpetratum quod in aliis quoque iam timebatur, tamquam licentia crudelitati indulta per suspicionum nebulas aestimati quidam noxii damnabantur. quorum pars necati, alii puniti bonorum multatione actique laribus suis extorres nullo sibi relicto praeter querelas et lacrimas, stipe conlaticia victitabant, et civili iustoque imperio ad voluntatem converso cruentam, claudebantur opulentae domus et clarae.</p>Ob haec et huius modi multa, quae cernebantur in paucis, omnibus timeri sunt coepta. et ne tot malis dissimulatis paulatimque serpentibus acervi crescerent aerumnarum, nobilitatis decreto legati mittuntur: Praetextatus ex urbi praefecto et ex vicario Venustus et ex consulari Minervius oraturi, ne delictis supplicia sint grandiora, neve senator quisquam inusitato et inlicito more tormentis exponeretur.<br><br><br>','','NO'),(104,1,7,'2011-07-04 03:20:54','Product 2','','<img class=\"left_border\" src=\"/library/media/images/user/box.jpg\" alt=\"Box product 1\" border=\"0\" height=\"200\" width=\"250\"><p>Quaestione igitur per multiplices dilatata fortunas cum ambigerentur quaedam, non nulla levius actitata constaret, post multorum clades Apollinares ambo pater et filius in exilium acti cum ad locum Crateras nomine pervenissent, villam scilicet suam quae ab Antiochia vicensimo et quarto disiungitur lapide, ut mandatum est, fractis cruribus occiduntur.</p><p>Post hoc impie perpetratum quod in aliis quoque iam timebatur, tamquam licentia crudelitati indulta per suspicionum nebulas aestimati quidam noxii damnabantur. quorum pars necati, alii puniti bonorum multatione actique laribus suis extorres nullo sibi relicto praeter querelas et lacrimas, stipe conlaticia victitabant, et civili iustoque imperio ad voluntatem converso cruentam, claudebantur opulentae domus et clarae.</p>Ob haec et huius modi multa, quae cernebantur in paucis, omnibus timeri sunt coepta. et ne tot malis dissimulatis paulatimque serpentibus acervi crescerent aerumnarum, nobilitatis decreto legati mittuntur: Praetextatus ex urbi praefecto et ex vicario Venustus et ex consulari Minervius oraturi, ne delictis supplicia sint grandiora, neve senator quisquam inusitato et inlicito more tormentis exponeretur.<br><br><br>','','NO'),(105,1,8,'2011-07-04 03:21:22','Product 3','','<img class=\"left_border\" src=\"/library/media/images/user/box.jpg\" alt=\"Box product 1\" border=\"0\" height=\"200\" width=\"250\"><p>Quaestione igitur per multiplices dilatata fortunas cum ambigerentur quaedam, non nulla levius actitata constaret, post multorum clades Apollinares ambo pater et filius in exilium acti cum ad locum Crateras nomine pervenissent, villam scilicet suam quae ab Antiochia vicensimo et quarto disiungitur lapide, ut mandatum est, fractis cruribus occiduntur.</p><p>Post hoc impie perpetratum quod in aliis quoque iam timebatur, tamquam licentia crudelitati indulta per suspicionum nebulas aestimati quidam noxii damnabantur. quorum pars necati, alii puniti bonorum multatione actique laribus suis extorres nullo sibi relicto praeter querelas et lacrimas, stipe conlaticia victitabant, et civili iustoque imperio ad voluntatem converso cruentam, claudebantur opulentae domus et clarae.</p>Ob haec et huius modi multa, quae cernebantur in paucis, omnibus timeri sunt coepta. et ne tot malis dissimulatis paulatimque serpentibus acervi crescerent aerumnarum, nobilitatis decreto legati mittuntur: Praetextatus ex urbi praefecto et ex vicario Venustus et ex consulari Minervius oraturi, ne delictis supplicia sint grandiora, neve senator quisquam inusitato et inlicito more tormentis exponeretur.<br><br><br>','','NO'),(106,1,3,'2011-07-04 03:22:01','Gallery','','\n{@NUTS	TYPE=\'GALLERY\'	NAME=\'Gallery test\'}\n','','NO'),(107,1,4,'2011-07-04 03:22:40','Contact us','','\n{@NUTS	TYPE=\'FORM\'	NAME=\'contact_us\'}\n','','NO'),(108,1,16,'2011-07-04 03:24:21','Sitemap','','\n{@NUTS	TYPE=\'MENU\'	CONTENT=\'ALL CHILDRENS\'	FROM=\'Main menu\'	ZONE_ID=\'0\'	OUTPUT=\'LI&gt;UL\'	CSS=\'sitemap\'	ATTRIBUTES=\'\'	INCLUDE_PARENT=\'0\'}\n','','NO'),(109,1,9,'2011-07-04 03:40:39','Welcome','','<img src=\"/library/media/images/user/home.jpg\" alt=\"Home\" border=\"0\"><div class=\"clear\">&nbsp;</div><table style=\"width: 100%;\" border=\"0\" cellpadding=\"5\" cellspacing=\"0\"><tbody><tr><td style=\"width: 460px;\" rowspan=\"2\" valign=\"top\"><h2>Welcome</h2>It is a long established fact that a reader will be distracted by the readable content of a page when looking at its layout. The point of using Lorem Ipsum is that it has a more-or-less normal distribution of letters, as opposed to using \'Content here, content here\', making it look like readable English. <br> <a class=\"more_info\" href=\"{@NUTS	TYPE=\'PAGE\'	CONTENT=\'URL\'	ID=\'1\'}\"> more info</a><h2>&nbsp;</h2><h2>Our Products</h2><ul><li><a href=\"{@NUTS	TYPE=\'PAGE\'	CONTENT=\'URL\'	ID=\'6\'}\"> View our product 1</a></li><li><a href=\"{@NUTS	TYPE=\'PAGE\'	CONTENT=\'URL\'	ID=\'7\'}\"> View our product 2</a></li><li><a href=\"{@NUTS	TYPE=\'PAGE\'	CONTENT=\'URL\'	ID=\'8\'}\"> View our produc</a></li></ul></td><td rowspan=\"2\" valign=\"top\"><div class=\"grid_6\"><h2>News and Events</h2>{@NUTS	TYPE=\'REGION\'	NAME=\'News-home-List\'}</div></td></tr></tbody></table><br>','','NO'),(110,1,9,'2011-07-04 03:42:22','Welcome','','<img src=\"/library/media/images/user/home.jpg\" alt=\"Home\" border=\"0\"><div class=\"clear\">&nbsp;</div><table style=\"width: 100%;\" border=\"0\" cellpadding=\"5\" cellspacing=\"0\"><tbody><tr><td style=\"width: 460px;\" valign=\"top\"><h2>Welcome</h2>It is a long established fact that a reader will be distracted by the readable content of a page when looking at its layout. The point of using Lorem Ipsum is that it has a more-or-less normal distribution of letters, as opposed to using \'Content here, content here\', making it look like readable English. <br> <a class=\"more_info\" href=\"{@NUTS	TYPE=\'PAGE\'	CONTENT=\'URL\'	ID=\'1\'}\"> more info</a><h2>&nbsp;</h2><h2>Our Products</h2><ul><li><a href=\"{@NUTS	TYPE=\'PAGE\'	CONTENT=\'URL\'	ID=\'6\'}\"> View our product 1</a></li><li><a href=\"{@NUTS	TYPE=\'PAGE\'	CONTENT=\'URL\'	ID=\'7\'}\"> View our product 2</a></li><li><a href=\"{@NUTS	TYPE=\'PAGE\'	CONTENT=\'URL\'	ID=\'8\'}\"> View our produc</a></li></ul></td><td valign=\"top\"><h2>News and Events</h2>{@NUTS	TYPE=\'REGION\'	NAME=\'News-home-List\'}</td></tr></tbody></table>','','NO'),(111,1,9,'2011-07-04 03:43:16','Welcome','','<img src=\"/library/media/images/user/home.jpg\" alt=\"Home\" border=\"0\"><div class=\"clear\">&nbsp;</div><table style=\"width: 100%;\" border=\"0\" cellpadding=\"5\" cellspacing=\"0\"><tbody><tr><td style=\"width: 480px;\" valign=\"top\"><h2>Welcome</h2>It is a long established fact that a reader will be distracted by the readable content of a page when looking at its layout. The point of using Lorem Ipsum is that it has a more-or-less normal distribution of letters, as opposed to using \'Content here, content here\', making it look like readable English. <br> <a class=\"more_info\" href=\"{@NUTS	TYPE=\'PAGE\'	CONTENT=\'URL\'	ID=\'1\'}\"> more info</a><h2>&nbsp;</h2><h2>Our Products</h2><ul><li><a href=\"{@NUTS	TYPE=\'PAGE\'	CONTENT=\'URL\'	ID=\'6\'}\"> View our product 1</a></li><li><a href=\"{@NUTS	TYPE=\'PAGE\'	CONTENT=\'URL\'	ID=\'7\'}\"> View our product 2</a></li><li><a href=\"{@NUTS	TYPE=\'PAGE\'	CONTENT=\'URL\'	ID=\'8\'}\"> View our produc</a></li></ul></td><td valign=\"top\"><h2>News and Events</h2>{@NUTS	TYPE=\'REGION\'	NAME=\'News-home-List\'}</td></tr></tbody></table>','','NO'),(112,1,9,'2011-07-04 03:44:23','Welcome','','<img src=\"/library/media/images/user/home.jpg\" alt=\"Home\" border=\"0\"><div class=\"clear\">&nbsp;</div><table style=\"width: 100%;\" border=\"0\" cellpadding=\"5\" cellspacing=\"0\"><tbody><tr><td style=\"width: 460px;\" valign=\"top\"><h2>Welcome</h2>It is a long established fact that a reader will be distracted by the readable content of a page when looking at its layout. The point of using Lorem Ipsum is that it has a more-or-less normal distribution of letters, as opposed to using \'Content here, content here\', making it look like readable English. <br> <a class=\"more_info\" href=\"{@NUTS	TYPE=\'PAGE\'	CONTENT=\'URL\'	ID=\'1\'}\"> more info</a><h2>&nbsp;</h2><h2>Our Products</h2><ul><li><a href=\"{@NUTS	TYPE=\'PAGE\'	CONTENT=\'URL\'	ID=\'6\'}\"> View our product 1</a></li><li><a href=\"{@NUTS	TYPE=\'PAGE\'	CONTENT=\'URL\'	ID=\'7\'}\"> View our product 2</a></li><li><a href=\"{@NUTS	TYPE=\'PAGE\'	CONTENT=\'URL\'	ID=\'8\'}\"> View our produc</a></li></ul></td><td valign=\"top\"><h2>News and Events</h2>{@NUTS	TYPE=\'REGION\'	NAME=\'News-home-List\'}</td></tr></tbody></table>','','NO'),(113,1,9,'2011-07-04 03:44:38','Welcome','','<img src=\"/library/media/images/user/home.jpg\" alt=\"Home\" border=\"0\"><div class=\"clear\">&nbsp;</div><table style=\"width: 100%;\" border=\"0\" cellpadding=\"5\" cellspacing=\"0\"><tbody><tr><td style=\"width: 460px;\" valign=\"top\"><h2>Welcome</h2>It is a long established fact that a reader will be distracted by the readable content of a page when looking at its layout. The point of using Lorem Ipsum is that it has a more-or-less normal distribution of letters, as opposed to using \'Content here, content here\', making it look like readable English. <br> <a class=\"more_info\" href=\"{@NUTS	TYPE=\'PAGE\'	CONTENT=\'URL\'	ID=\'1\'}\"> more info</a><h2>&nbsp;</h2><h2>Our Products</h2><ul><li><a href=\"{@NUTS	TYPE=\'PAGE\'	CONTENT=\'URL\'	ID=\'6\'}\"> View our product 1</a></li><li><a href=\"{@NUTS	TYPE=\'PAGE\'	CONTENT=\'URL\'	ID=\'7\'}\"> View our product 2</a></li><li><a href=\"{@NUTS	TYPE=\'PAGE\'	CONTENT=\'URL\'	ID=\'8\'}\"> View our produc</a></li></ul></td><td valign=\"top\"><br></td><td valign=\"top\"><h2>News and Events</h2>\n{@NUTS	TYPE=\'REGION\'	NAME=\'News-home-List\'}\n</td></tr></tbody></table>','','NO'),(114,1,11,'2011-07-04 16:26:49','Register','','\n{@NUTS	TYPE=\'PLUGIN\'	NAME=\'_register\'	PARAMETERS=\'\'}\n','','NO'),(115,1,10,'2011-07-04 16:27:29','Login','','\n{@NUTS	TYPE=\'PLUGIN\'	NAME=\'_login\'	PARAMETERS=\'\'}\n','','NO'),(116,1,12,'2011-07-04 16:27:42','Welcome','','This is the private space<br>','','NO'),(117,1,13,'2011-07-04 16:27:55','Access Restricted','','\n{@NUTS	TYPE=\'PLUGIN\'	NAME=\'_logon_restricted_access\'	PARAMETERS=\'\'}\n','','NO'),(118,1,17,'2011-07-04 16:44:41','Search','','<br>','','NO'),(119,1,17,'2011-07-04 16:44:46','Search','','<br>','','NO'),(120,1,17,'2011-07-04 16:45:06','Search','','{@NUTS	TYPE=\'PLUGIN\'	NAME=\'_search-engine\'	PARAMETERS=\'\'}\n','','NO'),(121,1,17,'2011-07-04 17:04:25','Search','','\n{@NUTS	TYPE=\'PLUGIN\'	NAME=\'_search-engine\'	PARAMETERS=\'\'}\n','','NO');

/* Nuts Form Builder */
TRUNCATE TABLE NutsForm;
INSERT INTO `NutsForm`(`ID`,`Language`,`Name`,`Description`,`Caption`,`CssId`,`JsCode`,`Captcha`,`Information`,`FormBeforePhp`,`FormCustomError`,`FormValidPhpCode`,`FormValidHtmlCode`,`FormStockData`,`FormValidMailer`,`FormValidMailerFrom`,`FormValidMailerTo`,`FormValidMailerSubject`,`Deleted`) VALUES
	(1,'AUTO','contact_us','','Please fille this form below',NULL,'','NO','<br>','','','','Thank you ! Your feedback has been received.','NO','YES','','','Contact from your website','NO');

TRUNCATE TABLE NutsFormField;
INSERT INTO `NutsFormField`(`ID`,`NutsFormID`,`Name`,`Label`,`Type`,`Required`,`Attributes`,`Email`,`OtherValidation`,`I18N`,`Value`,`PhpCode`,`FilePath`,`FileAllowedExtensions`,`FileAllowedMimes`,`FileMaxSize`,`HtmlCode`,`TextAfter`,`Position`,`Deleted`) VALUES
	(1,1,'Company','Your company','TEXT','NO','','NO','','NO','','','','','','','','',1,'NO'),
	(2,1,'Name','Your name','TEXT','YES','','NO','','NO','','','','','','','','',2,'NO'),
	(4,1,'Email','Your email','TEXT','YES','','YES','','NO','','','','','','','','',3,'NO'),
	(5,1,'Message','Your message','TEXTAREA','YES','','NO','','NO','','','','','','','','',4,'NO');

/* Nuts Gallery */
INSERT INTO `NutsGallery`(`ID`,`Name`,`Description`,`LogoImage`,`GenerateJS`,`Position`,`Active`,`Deleted`) VALUES
	(1,'Gallery test','<br>',NULL,'YES',1,'YES','NO');

INSERT INTO `NutsGalleryImage`(`ID`,`NutsGalleryID`,`MainImage`,`BigImage`,`HDImage`,`Legend`,`Description`,`Active`,`Position`,`Deleted`) VALUES
	(1,1,'1.jpg',NULL,NULL,'Business zen',NULL,'YES',1,'NO'),
	(2,1,'2.jpg',NULL,NULL,'Girls charming smile 014704',NULL,'YES',2,'NO'),
	(3,1,'3.jpg',NULL,NULL,'Grow your business',NULL,'YES',3,'NO'),
	(4,1,'4.jpg',NULL,NULL,'Business consulting winning team',NULL,'YES',4,'NO'),
	(5,1,'5.jpg',NULL,NULL,'Business',NULL,'YES',5,'NO'),
	(6,1,'6.jpg',NULL,NULL,'Man demo',NULL,'YES',6,'NO'),
	(7,1,'7.jpg',NULL,NULL,'Meeting',NULL,'YES',7,'NO'),
	(8,1,'8.jpg',NULL,NULL,'Smiley man',NULL,'YES',8,'NO');

/* Nuts Block */
TRUNCATE TABLE NutsBlock;
INSERT INTO `NutsBlock`(`ID`,`GroupName`,`SubGroupName`,`Name`,`Type`,`Text`,`Preview`,`Visible`,`Deleted`) VALUES
	(1,'RIGHT','','our_products','HTML','<a href=\"{@NUTS	TYPE=\'PAGE\'	CONTENT=\'URL\'	ID=\'5\'}\"><img src=\"/library/media/images/user/blocks/our_products.png\" alt=\"Our products\" border=\"0\" height=\"100\" width=\"230\"></a><br><br>','/library/media/images/user/nuts_block_preview/our_products.png','YES','NO'),
	(2,'RIGHT','','contact_us','HTML','<a href=\"{@NUTS	TYPE=\'PAGE\'	CONTENT=\'URL\'	ID=\'4\'}\"><img src=\"/library/media/images/user/blocks/contact_us.png\" alt=\"Contact us\" border=\"0\" height=\"100\" width=\"230\"></a>','/library/media/images/user/nuts_block_preview/contact_us.png','YES','NO'),
	(3,'RIGHT','','survey','HTML','\n{@NUTS	TYPE=\'SURVEY\'	ID=\'1\'	TITLE=\'Do you already use a CMS / CMF ?\'}\n<br>\n','/library/media/images/user/nuts_block_preview/survey.png','YES','NO');

/* Nuts News */
INSERT INTO `NutsNews`(`ID`,`NewsImage`,`NewsImageModel`,`NutsUserID`,`Language`,`DateGMT`,`DateGMTExpiration`,`Title`,`Resume`,`Text`,`Tags`,`Event`,`Comment`,`Active`,`VirtualPageName`,`Filter1`,`Filter2`,`Filter3`,`Archived`,`Deleted`) VALUES
	(1,'1.jpg','',1,'en','2011-04-05',NULL,'There are many variations of passages','Donec non turpis eget turpis eleifend consectetur ac lobortis massa. Suspendisse sed dui erat, vel pellentesque turpis. Sed enim tortor, molestie eu mattis id, vestibulum non sem. Donec tempor faucibus dui, eget mollis tellus blandit eu. Maecenas ultricies egestas urna eu tempus.<br>','<p>\r\nSed tellus nisl, ultricies posuere aliquet et, egestas ac orci. \r\nCurabitur nec tempus urna. Aenean justo mauris, accumsan eget posuere \r\nin, auctor in velit. Donec aliquet, ante quis bibendum tristique, lorem \r\nipsum faucibus elit, nec placerat est nisi vel leo. Donec ut bibendum \r\nneque. In eleifend vestibulum justo. Donec suscipit elementum justo eu \r\nsagittis. Sed vitae dolor enim, eget accumsan nibh. Pellentesque rhoncus\r\n urna eu risus hendrerit pulvinar. Nulla facilisi. Aliquam blandit \r\nornare risus eget imperdiet. Duis at diam ac risus condimentum tempor. \r\nDuis hendrerit, dolor sit amet facilisis malesuada, tellus nisi \r\ndignissim turpis, in pretium nibh enim at augue. Vestibulum pellentesque\r\n mi tellus, quis volutpat nisl. Nulla venenatis venenatis mattis. Nulla \r\nvitae mauris eu sapien pharetra gravida.\r\n</p>\r\n<p>\r\nSed vestibulum ipsum a nisi auctor viverra placerat risus auctor. Nulla \r\ntristique dignissim tellus eget dignissim. Mauris a nulla vitae mi \r\nultrices pharetra pretium id libero. Pellentesque mollis fermentum \r\npurus, rutrum pretium tortor commodo non. In velit sem, luctus mollis \r\niaculis et, vehicula molestie nisl. Praesent eu sagittis tortor. In eros\r\n erat, rhoncus sed cursus ut, pharetra eget nunc. Morbi viverra arcu id \r\norci consectetur suscipit. Nullam faucibus adipiscing neque, et pharetra\r\n enim volutpat vel. Aliquam in neque ligula. Fusce mollis ante eu lectus\r\n suscipit consequat. Fusce quis dolor massa, in consectetur diam. Duis \r\nturpis erat, dapibus eu ornare vel, hendrerit ac justo. Vivamus rhoncus \r\nurna eu risus auctor sed varius ligula gravida. Suspendisse sed nisi sed\r\n nibh pretium euismod vel in tortor. Integer euismod quam et lectus \r\nultrices euismod. Nullam vulputate accumsan turpis eget fermentum. \r\nAliquam id lobortis leo.\r\n</p>\r\n<p>\r\nPellentesque dictum lobortis erat in aliquet. Cras at quam diam, in \r\nlaoreet sem. Duis eget diam quam, ultrices blandit lacus. Curabitur \r\nhendrerit commodo turpis, ac ullamcorper purus consequat vel. Nullam ut \r\nnibh enim, vitae sollicitudin purus. Cras neque turpis, imperdiet eget \r\nblandit a, adipiscing ac tellus. Cras laoreet quam quis felis \r\ncondimentum dictum. Maecenas vitae nunc quam. Suspendisse est lacus, \r\npharetra sed vehicula eu, rutrum quis est. Sed condimentum viverra \r\nvehicula. Vivamus laoreet, purus nec dictum congue, mauris nisl congue \r\nturpis, mollis volutpat lorem purus vel magna. Aliquam dictum nisl ac \r\norci euismod porttitor.\r\n</p>','','YES','YES','YES','',NULL,NULL,NULL,'NO','NO'),
	(2,'2.jpg','',1,'en','2011-06-02',NULL,'Donec non turpis eget turpis eleifend consectetur ac lobortis massa','Curabitur dolor urna, lacinia nec semper at, dignissim id velit. Vivamus\r\n ligula libero, vulputate ut feugiat lobortis, tincidunt nec neque. \r\nVivamus enim mauris, tincidunt quis vehicula et, porttitor sit amet dui.\r\n Aenean adipiscing, orci fringilla venenatis semper, eros dui viverra \r\nmetus, sed accumsan purus urna eget turpis. Nullam quis faucibus dui. \r\nCras accumsan, mi vel elementum mollis, lorem est tincidunt nulla, id \r\ntempor justo magna vel purus.','<p>\r\nNullam vel ante quis mauris vehicula viverra at nec felis. Nulla \r\nfacilisi. Integer semper laoreet nisl, nec adipiscing justo tempus \r\nultricies. Pellentesque neque leo, accumsan ac rutrum ac, sagittis vel \r\njusto. Cum sociis natoque penatibus et magnis dis parturient montes, \r\nnascetur ridiculus mus. Duis massa ante, tincidunt vel ullamcorper ac, \r\nadipiscing non libero. Vivamus eget tortor et ante posuere porttitor vel\r\n id ante. Morbi risus mauris, tempus quis convallis nec, accumsan quis \r\nnisi. Curabitur elementum auctor erat, at fringilla odio rutrum ut. Duis\r\n nec lorem mollis eros volutpat convallis. Quisque sodales imperdiet \r\nfeugiat. Nullam tincidunt molestie fermentum. Fusce et mauris justo, id \r\niaculis tellus. Cum sociis natoque penatibus et magnis dis parturient \r\nmontes, nascetur ridiculus mus. Nulla vehicula enim eu risus lobortis \r\neget venenatis nisl mollis. Phasellus eu leo at nibh dapibus faucibus.\r\n</p>\r\n<p>\r\nDonec aliquet urna nibh, sed sollicitudin orci. Cum sociis natoque \r\npenatibus et magnis dis parturient montes, nascetur ridiculus mus. Fusce\r\n iaculis pulvinar dignissim. Nulla a enim risus, eget ultrices est. \r\nPraesent sagittis porttitor nibh, ac auctor neque fermentum quis. Duis \r\nullamcorper, nulla non vulputate sodales, odio massa faucibus tellus, in\r\n pharetra elit risus egestas lacus. Fusce faucibus interdum augue, quis \r\nmalesuada ipsum pulvinar et. Nam venenatis leo sed ligula viverra \r\ncommodo. Proin in arcu sed nibh iaculis aliquet ac vitae ipsum. \r\nCurabitur vitae lectus neque, sit amet cursus est. Nullam eleifend \r\nsuscipit arcu pulvinar placerat. Duis rhoncus facilisis neque.\r\n</p>','','YES','YES','YES','',NULL,NULL,NULL,'NO','NO'),
	(3,'3.jpg','',1,'en','2011-03-22',NULL,'Quisque eu tellus at enim viverra gravida ut in leo','Lorem ipsum dolor sit amet, consectetur adipiscing elit. Integer \r\nvestibulum mauris eget urna sagittis at tempus sapien consectetur. \r\nPellentesque pellentesque, mi sit amet tempor congue, lacus ante congue \r\nerat, nec pharetra eros ligula venenatis erat. Ut lectus ante, aliquet \r\nut hendrerit in, laoreet ut augue. Ut vitae pretium purus. Proin rhoncus\r\n porttitor tortor ac placerat. Ut et sem in magna bibendum faucibus \r\nvitae sed neque. <br>','<p>\r\nPraesent commodo, erat nec mattis eleifend, sapien turpis blandit dui, \r\nsit amet pharetra purus quam non nunc. Nulla vestibulum diam nec risus \r\niaculis mattis. Cras viverra mi dictum nibh lacinia sit amet venenatis \r\nenim rhoncus. Sed molestie quam et ipsum laoreet pulvinar. Nulla vel \r\ndolor ligula. Integer non rutrum augue. Proin aliquam risus at quam \r\nvulputate non fermentum purus tincidunt. Fusce vehicula tortor a purus \r\ntristique pharetra sollicitudin et erat. Etiam molestie scelerisque \r\nrisus, sit amet hendrerit augue pulvinar at. Pellentesque eu dolor in \r\nvelit vestibulum blandit. Donec mollis nibh id lectus convallis \r\nfacilisis eu et orci. Nulla adipiscing tempor augue ac consequat.\r\n</p>\r\n<p>\r\nNullam nibh enim, viverra at pellentesque et, malesuada ut felis. Ut \r\nhendrerit aliquam leo, sed vestibulum sem dapibus eget. Vestibulum ante \r\nipsum primis in faucibus orci luctus et ultrices posuere cubilia Curae; \r\nDuis luctus, tellus vitae convallis accumsan, ligula est consectetur \r\norci, at vehicula erat dolor interdum magna. Integer pellentesque ligula\r\n quis libero mollis at lobortis lorem blandit. Morbi at mauris tellus, \r\nin sagittis nisl. Mauris pharetra nunc quis nibh mollis vehicula. Aenean\r\n odio diam, tempor ac vehicula eu, molestie vel arcu. Sed in nisl eget \r\nligula laoreet ullamcorper. Class aptent taciti sociosqu ad litora \r\ntorquent per conubia nostra, per inceptos himenaeos. Vestibulum et \r\nporttitor dolor. Ut ipsum justo, scelerisque et pretium at, hendrerit \r\neget orci. In non sem nunc. Nullam non tempor eros.\r\n</p>\r\n<p>\r\nPellentesque faucibus neque et mauris cursus non rutrum dolor ultricies.\r\n Morbi faucibus sem eget tortor scelerisque luctus. Morbi convallis \r\nconsequat bibendum. Etiam ac nisi lacus. Curabitur vel eros sed dui \r\naliquam convallis. Suspendisse dapibus porttitor aliquet. Nunc tempor, \r\nipsum eu tristique aliquam, risus ligula blandit est, ac iaculis lectus \r\norci in nunc. Vestibulum ante ipsum primis in faucibus orci luctus et \r\nultrices posuere cubilia Curae; Integer mi odio, luctus non faucibus \r\nnon, iaculis ut orci. Vivamus condimentum, augue ac semper tincidunt, \r\npurus nisi cursus urna, at ultricies quam neque ut magna. Maecenas \r\nornare arcu nec velit placerat quis luctus ipsum pellentesque. Praesent \r\nut nisl sed eros tincidunt ornare. Nunc non libero vitae arcu semper \r\nviverra. Vivamus cursus, dolor ac convallis porta, diam erat sagittis \r\nlibero, a mattis ipsum nibh sit amet massa. In eget pellentesque nunc. \r\nMauris vitae eros a eros condimentum hendrerit a et magna.\r\n</p>','','YES','YES','YES','',NULL,NULL,NULL,'NO','NO');

/* Nuts Region */
TRUNCATE TABLE NutsRegion;
INSERT INTO `NutsRegion`(`ID`,`Name`,`Description`,`PhpCode`,`Query`,`HtmlBefore`,`Html`,`HtmlAfter`,`HtmlNoRecord`,`Caption`,`Result`,`HookData`,`PreviousNextVisible`,`Pager`,`PagerPreviousText`,`PagerNextText`,`Deleted`) VALUES
	(1,'News-home-List','List of news of homepage','','SELECT\n		ID,\n		Title,\n		Resume\n		DateGMT,\n		DATE_FORMAT(DateGMT, \'%d/%m/%Y\') AS DateX\nFROM\n		NutsNews\nWHERE\n		Deleted = \'NO\' AND\n		DateGMT <= NOW()\nORDER BY\n		DateGMT DESC','<div id=\"home_news_list\">','<div class=\"news\">\n	<span class=\"date\">{DateX}</span><br />\n	<a class=\"title\" href=\"{Uri}\">{Title}</a>\n</div>','</div>','',NULL,3,'$uri = strtolower(trim($row[\'Title\']));\n$uri = str_replace(\' \', \'-\', $uri);\n$uri = str_replace(\'--\', \'-\', $uri);\n$uri = str_replace(\'\"\', \'\', $uri);\n\n$uri = \"/en/15-news,\".$row[\'ID\'].\",\".$uri.\".html\";\n\n$row[\'Uri\']  = $uri;','YES','NO','','','NO'),
	(2,'News-List','List of news','','SELECT\n		ID,\n		Title,\n		Resume\n		DateGMT,\n		DATE_FORMAT(DateGMT, \'%d/%m/%Y\') AS DateX\nFROM\n		NutsNews\nWHERE\n		Deleted = \'NO\' AND\n		DateGMT <= NOW()\nORDER BY\n		DateGMT DESC','<div id=\"news_list\">','<div class=\"news\">\n	<span class=\"date\">{DateX}</span><br />\n	<a class=\"title\" href=\"{Uri}\">{Title}</a>\n</div>','</div>','',NULL,5,'$uri = strtolower(trim($row[\'Title\']));\n$uri = str_replace(\' \', \'-\', $uri);\n$uri = str_replace(\'--\', \'-\', $uri);\n$uri = \"/en/15-news,\".$row[\'ID\'].\",\".$uri.\".html\";\n\n$row[\'Uri\']  = $uri;','YES','YES','« Previous','Next »','NO');

/* Rte */
TRUNCATE TABLE NutsRichEditor;
INSERT INTO `NutsRichEditor`(`ID`,`Content`,`Deleted`) VALUES
	(1,'forced_root_block : \'\',\r\nforce_br_newlines : false,\r\nforce_p_newlines : false,    \r\nremove_linebreaks: true,\r\napply_source_formatting: false,\r\nconvert_newlines_to_brs : false,','NO');

/* RSS */
TRUNCATE TABLE NutsRss;
INSERT INTO `NutsRss`(`ID`,`RssTitle`,`RssLink`,`RssDescription`,`RssCopyright`,`RssImage`,`PhpCode`,`Query`,`HookFunction`,`RssLimit`,`Deleted`) VALUES
	(1,'News and Events','{WEBSITE_NAME}/','RSS news and events','','','','SELECT\n		Title AS title,\n		Resume AS description,\n		DATE_FORMAT(DateGMT, \'%m-%d-%Y %h:%i\') AS pubDate,\n		CONCAT(\'/en/15-news,\',ID,\',\',LOWER(REPLACE(Title,\' \', \'-\')),\'.html\') AS link\nFROM\n		NutsNews\nWHERE\n		Deleted = \'NO\' AND\n		Active = \'YES\' AND\n		DateGMT <= NOW()','',20,'NO');

/* Spider */
INSERT INTO `NutsSpider`(`ID`,`Title`,`Text`,`Url`,`Language`) VALUES
	(1,'Welcome','&nbsp; Welcome It is a long established fact that a reader will be distracted by the readable content of a page when looking at its layout. The point of using Lorem Ipsum is that it has a more-or-less normal distribution of letters, as opposed to using \'Content here, content here\', making it look like readable English. more info &nbsp; Our Products View our product 1 View our product 2 View our produc News and Events 22/03/2011 Quisque eu tellus at enim viverra gravida ut in leo 05/04/2011 There are many variations of passages 02/06/2011 Donec non turpis eget turpis eleifend consectetur ac lobortis massa','http://nuts-test/',''),(2,'About us','About us \"Lorem ipsum dolor sit amet, consectetur adipisicing elit, sed do eiusmod tempor incididunt ut labore et dolore magna aliqua. Ut enim ad minim veniam, quis nostrud exercitation ullamco laboris nisi ut aliquip ex ea commodo consequat. Duis aute irure dolor in reprehenderit in voluptate velit esse cillum dolore eu fugiat nulla pariatur. Excepteur sint occaecat cupidatat non proident, sunt in culpa qui officia deserunt mollit anim id est laborum.\" \"Sed ut perspiciatis unde omnis iste natus error sit voluptatem accusantium doloremque laudantium, totam rem aperiam, eaque ipsa quae ab illo inventore veritatis et quasi architecto beatae vitae dicta sunt explicabo. Nemo enim ipsam voluptatem quia voluptas sit aspernatur aut odit aut fugit, sed quia consequuntur magni dolores eos qui ratione voluptatem sequi nesciunt. Neque porro quisquam est, qui dolorem ipsum quia dolor sit amet, consectetur, adipisci velit, sed quia non numquam eius modi tempora incidunt ut labore et dolore magnam aliquam quaerat voluptatem. Ut enim ad minima veniam, quis nostrum exercitationem ullam corporis suscipit laboriosam, nisi ut aliquid ex ea commodi consequatur? Quis autem vel eum iure reprehenderit qui in ea voluptate velit esse quam nihil molestiae consequatur, vel illum qui dolorem eum fugiat quo voluptas nulla pariatur ?\" But who has any right to find fault with a man who chooses to enjoy a pleasure that has no annoying consequences, or one who avoids a pain that produces no resultant pleasure ? \"But I must explain to you how all this mistaken idea of denouncing pleasure and praising pain was born and I will give you a complete account of the system, and expound the actual teachings of the great explorer of the truth, the master-builder of human happiness. No one rejects, dislikes, or avoids pleasure itself, because it is pleasure, but because those who do not know how to pursue pleasure rationally encounter consequences that are extremely painful. Nor again is there anyone who loves or pursues or desires to obtain pain of itself, because it is pain, but because occasionally circumstances occur in which toil and pain can procure him some great pleasure. To take a trivial example, which of us ever undertakes laborious physical exercise, except to obtain some advantage from it ?','http://nuts-test/en/1-about-us.html','en'),(3,'Products','Products Please choose your product : Product 1 Product 2 Product 3','http://nuts-test/en/5-products.html','en'),(4,'Gallery','Gallery &#123; CommentNb &#125; Comments for \"Gallery\" Add new post for \"Gallery\" Name * Email (not published) * Website Allowed xhtml tags : [b], [i], [u], [strike], [blockquote], [span], [code]','http://nuts-test/en/3-gallery.html','en'),(5,'Contact us','Contact us Please fille this form below Your company : Your name * : Your email * : Your message * : * Required fields','http://nuts-test/en/4-contact-us.html','en'),(6,'Product 1','Product 1 Quaestione igitur per multiplices dilatata fortunas cum ambigerentur quaedam, non nulla levius actitata constaret, post multorum clades Apollinares ambo pater et filius in exilium acti cum ad locum Crateras nomine pervenissent, villam scilicet suam quae ab Antiochia vicensimo et quarto disiungitur lapide, ut mandatum est, fractis cruribus occiduntur. Post hoc impie perpetratum quod in aliis quoque iam timebatur, tamquam licentia crudelitati indulta per suspicionum nebulas aestimati quidam noxii damnabantur. quorum pars necati, alii puniti bonorum multatione actique laribus suis extorres nullo sibi relicto praeter querelas et lacrimas, stipe conlaticia victitabant, et civili iustoque imperio ad voluntatem converso cruentam, claudebantur opulentae domus et clarae. Ob haec et huius modi multa, quae cernebantur in paucis, omnibus timeri sunt coepta. et ne tot malis dissimulatis paulatimque serpentibus acervi crescerent aerumnarum, nobilitatis decreto legati mittuntur: Praetextatus ex urbi praefecto et ex vicario Venustus et ex consulari Minervius oraturi, ne delictis supplicia sint grandiora, neve senator quisquam inusitato et inlicito more tormentis exponeretur.','http://nuts-test/en/6-product-1.html','en'),(7,'Product 2','Product 2 Quaestione igitur per multiplices dilatata fortunas cum ambigerentur quaedam, non nulla levius actitata constaret, post multorum clades Apollinares ambo pater et filius in exilium acti cum ad locum Crateras nomine pervenissent, villam scilicet suam quae ab Antiochia vicensimo et quarto disiungitur lapide, ut mandatum est, fractis cruribus occiduntur. Post hoc impie perpetratum quod in aliis quoque iam timebatur, tamquam licentia crudelitati indulta per suspicionum nebulas aestimati quidam noxii damnabantur. quorum pars necati, alii puniti bonorum multatione actique laribus suis extorres nullo sibi relicto praeter querelas et lacrimas, stipe conlaticia victitabant, et civili iustoque imperio ad voluntatem converso cruentam, claudebantur opulentae domus et clarae. Ob haec et huius modi multa, quae cernebantur in paucis, omnibus timeri sunt coepta. et ne tot malis dissimulatis paulatimque serpentibus acervi crescerent aerumnarum, nobilitatis decreto legati mittuntur: Praetextatus ex urbi praefecto et ex vicario Venustus et ex consulari Minervius oraturi, ne delictis supplicia sint grandiora, neve senator quisquam inusitato et inlicito more tormentis exponeretur.','http://nuts-test/en/7-product-2.html','en'),(8,'Product 3','Product 3 Quaestione igitur per multiplices dilatata fortunas cum ambigerentur quaedam, non nulla levius actitata constaret, post multorum clades Apollinares ambo pater et filius in exilium acti cum ad locum Crateras nomine pervenissent, villam scilicet suam quae ab Antiochia vicensimo et quarto disiungitur lapide, ut mandatum est, fractis cruribus occiduntur. Post hoc impie perpetratum quod in aliis quoque iam timebatur, tamquam licentia crudelitati indulta per suspicionum nebulas aestimati quidam noxii damnabantur. quorum pars necati, alii puniti bonorum multatione actique laribus suis extorres nullo sibi relicto praeter querelas et lacrimas, stipe conlaticia victitabant, et civili iustoque imperio ad voluntatem converso cruentam, claudebantur opulentae domus et clarae. Ob haec et huius modi multa, quae cernebantur in paucis, omnibus timeri sunt coepta. et ne tot malis dissimulatis paulatimque serpentibus acervi crescerent aerumnarum, nobilitatis decreto legati mittuntur: Praetextatus ex urbi praefecto et ex vicario Venustus et ex consulari Minervius oraturi, ne delictis supplicia sint grandiora, neve senator quisquam inusitato et inlicito more tormentis exponeretur.','http://nuts-test/en/8-product-3.html','en'),(9,'Sitemap','Sitemap About us News and events Products Product 1 Product 2 Product 3 Gallery Contact us','http://nuts-test/en/16-sitemap.html','en'),(10,'News and events','News and events 22/03/2011 Quisque eu tellus at enim viverra gravida ut in leo 05/04/2011 There are many variations of passages 02/06/2011 Donec non turpis eget turpis eleifend consectetur ac lobortis massa','http://nuts-test/en/14-news-and-events.html','en'),(11,'','Quisque eu tellus at enim viverra gravida ut in leo Published at 2011-03-22 Lorem ipsum dolor sit amet, consectetur adipiscing elit. Integer vestibulum mauris eget urna sagittis at tempus sapien consectetur. Pellentesque pellentesque, mi sit amet tempor congue, lacus ante congue erat, nec pharetra eros ligula venenatis erat. Ut lectus ante, aliquet ut hendrerit in, laoreet ut augue. Ut vitae pretium purus. Proin rhoncus porttitor tortor ac placerat. Ut et sem in magna bibendum faucibus vitae sed neque. Praesent commodo, erat nec mattis eleifend, sapien turpis blandit dui, sit amet pharetra purus quam non nunc. Nulla vestibulum diam nec risus iaculis mattis. Cras viverra mi dictum nibh lacinia sit amet venenatis enim rhoncus. Sed molestie quam et ipsum laoreet pulvinar. Nulla vel dolor ligula. Integer non rutrum augue. Proin aliquam risus at quam vulputate non fermentum purus tincidunt. Fusce vehicula tortor a purus tristique pharetra sollicitudin et erat. Etiam molestie scelerisque risus, sit amet hendrerit augue pulvinar at. Pellentesque eu dolor in velit vestibulum blandit. Donec mollis nibh id lectus convallis facilisis eu et orci. Nulla adipiscing tempor augue ac consequat. Nullam nibh enim, viverra at pellentesque et, malesuada ut felis. Ut hendrerit aliquam leo, sed vestibulum sem dapibus eget. Vestibulum ante ipsum primis in faucibus orci luctus et ultrices posuere cubilia Curae; Duis luctus, tellus vitae convallis accumsan, ligula est consectetur orci, at vehicula erat dolor interdum magna. Integer pellentesque ligula quis libero mollis at lobortis lorem blandit. Morbi at mauris tellus, in sagittis nisl. Mauris pharetra nunc quis nibh mollis vehicula. Aenean odio diam, tempor ac vehicula eu, molestie vel arcu. Sed in nisl eget ligula laoreet ullamcorper. Class aptent taciti sociosqu ad litora torquent per conubia nostra, per inceptos himenaeos. Vestibulum et porttitor dolor. Ut ipsum justo, scelerisque et pretium at, hendrerit eget orci. In non sem nunc. Nullam non tempor eros. Pellentesque faucibus neque et mauris cursus non rutrum dolor ultricies. Morbi faucibus sem eget tortor scelerisque luctus. Morbi convallis consequat bibendum. Etiam ac nisi lacus. Curabitur vel eros sed dui aliquam convallis. Suspendisse dapibus porttitor aliquet. Nunc tempor, ipsum eu tristique aliquam, risus ligula blandit est, ac iaculis lectus orci in nunc. Vestibulum ante ipsum primis in faucibus orci luctus et ultrices posuere cubilia Curae; Integer mi odio, luctus non faucibus non, iaculis ut orci. Vivamus condimentum, augue ac semper tincidunt, purus nisi cursus urna, at ultricies quam neque ut magna. Maecenas ornare arcu nec velit placerat quis luctus ipsum pellentesque. Praesent ut nisl sed eros tincidunt ornare. Nunc non libero vitae arcu semper viverra. Vivamus cursus, dolor ac convallis porta, diam erat sagittis libero, a mattis ipsum nibh sit amet massa. In eget pellentesque nunc. Mauris vitae eros a eros condimentum hendrerit a et magna. &nbsp;','http://nuts-test/en/15-news,3,quisque-eu-tellus-at-enim-viverra-gravida-ut-in-leo.html','en'),(12,'','There are many variations of passages Published at 2011-04-05 Donec non turpis eget turpis eleifend consectetur ac lobortis massa. Suspendisse sed dui erat, vel pellentesque turpis. Sed enim tortor, molestie eu mattis id, vestibulum non sem. Donec tempor faucibus dui, eget mollis tellus blandit eu. Maecenas ultricies egestas urna eu tempus. Sed tellus nisl, ultricies posuere aliquet et, egestas ac orci. Curabitur nec tempus urna. Aenean justo mauris, accumsan eget posuere in, auctor in velit. Donec aliquet, ante quis bibendum tristique, lorem ipsum faucibus elit, nec placerat est nisi vel leo. Donec ut bibendum neque. In eleifend vestibulum justo. Donec suscipit elementum justo eu sagittis. Sed vitae dolor enim, eget accumsan nibh. Pellentesque rhoncus urna eu risus hendrerit pulvinar. Nulla facilisi. Aliquam blandit ornare risus eget imperdiet. Duis at diam ac risus condimentum tempor. Duis hendrerit, dolor sit amet facilisis malesuada, tellus nisi dignissim turpis, in pretium nibh enim at augue. Vestibulum pellentesque mi tellus, quis volutpat nisl. Nulla venenatis venenatis mattis. Nulla vitae mauris eu sapien pharetra gravida. Sed vestibulum ipsum a nisi auctor viverra placerat risus auctor. Nulla tristique dignissim tellus eget dignissim. Mauris a nulla vitae mi ultrices pharetra pretium id libero. Pellentesque mollis fermentum purus, rutrum pretium tortor commodo non. In velit sem, luctus mollis iaculis et, vehicula molestie nisl. Praesent eu sagittis tortor. In eros erat, rhoncus sed cursus ut, pharetra eget nunc. Morbi viverra arcu id orci consectetur suscipit. Nullam faucibus adipiscing neque, et pharetra enim volutpat vel. Aliquam in neque ligula. Fusce mollis ante eu lectus suscipit consequat. Fusce quis dolor massa, in consectetur diam. Duis turpis erat, dapibus eu ornare vel, hendrerit ac justo. Vivamus rhoncus urna eu risus auctor sed varius ligula gravida. Suspendisse sed nisi sed nibh pretium euismod vel in tortor. Integer euismod quam et lectus ultrices euismod. Nullam vulputate accumsan turpis eget fermentum. Aliquam id lobortis leo. Pellentesque dictum lobortis erat in aliquet. Cras at quam diam, in laoreet sem. Duis eget diam quam, ultrices blandit lacus. Curabitur hendrerit commodo turpis, ac ullamcorper purus consequat vel. Nullam ut nibh enim, vitae sollicitudin purus. Cras neque turpis, imperdiet eget blandit a, adipiscing ac tellus. Cras laoreet quam quis felis condimentum dictum. Maecenas vitae nunc quam. Suspendisse est lacus, pharetra sed vehicula eu, rutrum quis est. Sed condimentum viverra vehicula. Vivamus laoreet, purus nec dictum congue, mauris nisl congue turpis, mollis volutpat lorem purus vel magna. Aliquam dictum nisl ac orci euismod porttitor. &nbsp;','http://nuts-test/en/15-news,1,there-are-many-variations-of-passages.html','en'),(13,'','Donec non turpis eget turpis eleifend consectetur ac lobortis massa Published at 2011-06-02 Curabitur dolor urna, lacinia nec semper at, dignissim id velit. Vivamus ligula libero, vulputate ut feugiat lobortis, tincidunt nec neque. Vivamus enim mauris, tincidunt quis vehicula et, porttitor sit amet dui. Aenean adipiscing, orci fringilla venenatis semper, eros dui viverra metus, sed accumsan purus urna eget turpis. Nullam quis faucibus dui. Cras accumsan, mi vel elementum mollis, lorem est tincidunt nulla, id tempor justo magna vel purus. Nullam vel ante quis mauris vehicula viverra at nec felis. Nulla facilisi. Integer semper laoreet nisl, nec adipiscing justo tempus ultricies. Pellentesque neque leo, accumsan ac rutrum ac, sagittis vel justo. Cum sociis natoque penatibus et magnis dis parturient montes, nascetur ridiculus mus. Duis massa ante, tincidunt vel ullamcorper ac, adipiscing non libero. Vivamus eget tortor et ante posuere porttitor vel id ante. Morbi risus mauris, tempus quis convallis nec, accumsan quis nisi. Curabitur elementum auctor erat, at fringilla odio rutrum ut. Duis nec lorem mollis eros volutpat convallis. Quisque sodales imperdiet feugiat. Nullam tincidunt molestie fermentum. Fusce et mauris justo, id iaculis tellus. Cum sociis natoque penatibus et magnis dis parturient montes, nascetur ridiculus mus. Nulla vehicula enim eu risus lobortis eget venenatis nisl mollis. Phasellus eu leo at nibh dapibus faucibus. Donec aliquet urna nibh, sed sollicitudin orci. Cum sociis natoque penatibus et magnis dis parturient montes, nascetur ridiculus mus. Fusce iaculis pulvinar dignissim. Nulla a enim risus, eget ultrices est. Praesent sagittis porttitor nibh, ac auctor neque fermentum quis. Duis ullamcorper, nulla non vulputate sodales, odio massa faucibus tellus, in pharetra elit risus egestas lacus. Fusce faucibus interdum augue, quis malesuada ipsum pulvinar et. Nam venenatis leo sed ligula viverra commodo. Proin in arcu sed nibh iaculis aliquet ac vitae ipsum. Curabitur vitae lectus neque, sit amet cursus est. Nullam eleifend suscipit arcu pulvinar placerat. Duis rhoncus facilisis neque. &nbsp;','http://nuts-test/en/15-news,2,donec-non-turpis-eget-turpis-eleifend-consectetur-ac-lobortis-massa.html','en');

/* Template configuration */
TRUNCATE TABLE NutsTemplateConfiguration;
INSERT INTO `NutsTemplateConfiguration`(`ID`,`LanguageDefault`,`Languages`,`Theme`,`Description`,`Deleted`) VALUES
	(1,'en','','default','This is the default theme','NO');

/* Url rewriting */
TRUNCATE TABLE NutsUrlRewriting;
INSERT INTO `NutsUrlRewriting`(`ID`,`Type`,`Pattern`,`Replacement`,`Position`,`Deleted`) VALUES
	(1,'SIMPLE','/en/login/','/en/10.html',1,'NO'),
	(2,'SIMPLE','/en/register/','/en/11.html',2,'NO'),
	(3,'SIMPLE','/en/my_account/','/en/12.html',3,'NO'),
	(4,'SIMPLE','/en/access_restricted/','/en/13.html',4,'NO');

/* Nuts Survey */
TRUNCATE TABLE NutsSurvey;
INSERT INTO `NutsSurvey`(`ID`,`Title`,`I18N`,`ViewResult`,`Deleted`) VALUES
	(1,'Do you already use a CMS / CMF ?','NO','YES','NO');
TRUNCATE TABLE NutsSurveyOption;
INSERT INTO `NutsSurveyOption`(`ID`,`NutsSurveyID`,`Title`,`I18N`,`Position`,`Deleted`) VALUES
	(1,1,'Yes','NO',1,'NO'),
	(2,1,'No','NO',2,'NO');


/* Nuts Menu */
/* Nuts Super Admin Rights */
TRUNCATE TABLE NutsMenu;
insert  into `NutsMenu`(`ID`,`Category`,`Name`,`ExternalUrl`,`BreakBefore`,`BreakAfter`,`Position`,`Visible`,`Deleted`) values (1,1,'_configuration','',0,1,3,'YES','NO');
insert  into `NutsMenu`(`ID`,`Category`,`Name`,`ExternalUrl`,`BreakBefore`,`BreakAfter`,`Position`,`Visible`,`Deleted`) values (2,2,'_zone-manager','',0,0,13,'YES','NO');
insert  into `NutsMenu`(`ID`,`Category`,`Name`,`ExternalUrl`,`BreakBefore`,`BreakAfter`,`Position`,`Visible`,`Deleted`) values (4,1,'_user-manager','',0,0,6,'YES','NO');
insert  into `NutsMenu`(`ID`,`Category`,`Name`,`ExternalUrl`,`BreakBefore`,`BreakAfter`,`Position`,`Visible`,`Deleted`) values (5,1,'_group-manager','',1,0,5,'YES','NO');
insert  into `NutsMenu`(`ID`,`Category`,`Name`,`ExternalUrl`,`BreakBefore`,`BreakAfter`,`Position`,`Visible`,`Deleted`) values (6,2,'_page-manager','',0,0,15,'YES','NO');
insert  into `NutsMenu`(`ID`,`Category`,`Name`,`ExternalUrl`,`BreakBefore`,`BreakAfter`,`Position`,`Visible`,`Deleted`) values (7,5,'_logs','',0,0,2,'YES','NO');
insert  into `NutsMenu`(`ID`,`Category`,`Name`,`ExternalUrl`,`BreakBefore`,`BreakAfter`,`Position`,`Visible`,`Deleted`) values (8,1,'_right-manager','',0,0,7,'YES','NO');
insert  into `NutsMenu`(`ID`,`Category`,`Name`,`ExternalUrl`,`BreakBefore`,`BreakAfter`,`Position`,`Visible`,`Deleted`) values (9,2,'_news','',0,1,16,'YES','NO');
insert  into `NutsMenu`(`ID`,`Category`,`Name`,`ExternalUrl`,`BreakBefore`,`BreakAfter`,`Position`,`Visible`,`Deleted`) values (10,5,'_updater','',0,0,2,'YES','NO');
insert  into `NutsMenu`(`ID`,`Category`,`Name`,`ExternalUrl`,`BreakBefore`,`BreakAfter`,`Position`,`Visible`,`Deleted`) values (11,5,'_phpinfo','',0,0,1,'YES','NO');
insert  into `NutsMenu`(`ID`,`Category`,`Name`,`ExternalUrl`,`BreakBefore`,`BreakAfter`,`Position`,`Visible`,`Deleted`) values (12,2,'_region-manager','',0,0,6,'YES','NO');
insert  into `NutsMenu`(`ID`,`Category`,`Name`,`ExternalUrl`,`BreakBefore`,`BreakAfter`,`Position`,`Visible`,`Deleted`) values (13,2,'_gallery','',0,0,17,'YES','NO');
insert  into `NutsMenu`(`ID`,`Category`,`Name`,`ExternalUrl`,`BreakBefore`,`BreakAfter`,`Position`,`Visible`,`Deleted`) values (14,2,'_gallery_image','',0,1,18,'NO','NO');
insert  into `NutsMenu`(`ID`,`Category`,`Name`,`ExternalUrl`,`BreakBefore`,`BreakAfter`,`Position`,`Visible`,`Deleted`) values (15,2,'_pattern','',0,1,12,'YES','NO');
insert  into `NutsMenu`(`ID`,`Category`,`Name`,`ExternalUrl`,`BreakBefore`,`BreakAfter`,`Position`,`Visible`,`Deleted`) values (17,5,'_documentation','http://www.nuts-cms.com/en/2-documentation.html',0,0,4,'YES','NO');
insert  into `NutsMenu`(`ID`,`Category`,`Name`,`ExternalUrl`,`BreakBefore`,`BreakAfter`,`Position`,`Visible`,`Deleted`) values (18,2,'_block_builder','',0,0,4,'YES','NO');
insert  into `NutsMenu`(`ID`,`Category`,`Name`,`ExternalUrl`,`BreakBefore`,`BreakAfter`,`Position`,`Visible`,`Deleted`) values (19,2,'_email','',0,1,3,'YES','NO');
insert  into `NutsMenu`(`ID`,`Category`,`Name`,`ExternalUrl`,`BreakBefore`,`BreakAfter`,`Position`,`Visible`,`Deleted`) values (20,2,'_i18n',NULL,0,0,5,'YES','NO');
insert  into `NutsMenu`(`ID`,`Category`,`Name`,`ExternalUrl`,`BreakBefore`,`BreakAfter`,`Position`,`Visible`,`Deleted`) values (22,1,'_plugins',NULL,0,0,4,'YES','NO');
insert  into `NutsMenu`(`ID`,`Category`,`Name`,`ExternalUrl`,`BreakBefore`,`BreakAfter`,`Position`,`Visible`,`Deleted`) values (23,1,'_rte_template',NULL,1,0,9,'YES','NO');
insert  into `NutsMenu`(`ID`,`Category`,`Name`,`ExternalUrl`,`BreakBefore`,`BreakAfter`,`Position`,`Visible`,`Deleted`) values (24,1,'_page-versionning',NULL,1,0,11,'YES','NO');
insert  into `NutsMenu`(`ID`,`Category`,`Name`,`ExternalUrl`,`BreakBefore`,`BreakAfter`,`Position`,`Visible`,`Deleted`) values (25,2,'_media','',0,0,19,'YES','NO');
insert  into `NutsMenu`(`ID`,`Category`,`Name`,`ExternalUrl`,`BreakBefore`,`BreakAfter`,`Position`,`Visible`,`Deleted`) values (27,2,'_form-builder','',1,1,10,'YES','NO');
insert  into `NutsMenu`(`ID`,`Category`,`Name`,`ExternalUrl`,`BreakBefore`,`BreakAfter`,`Position`,`Visible`,`Deleted`) values (28,2,'_form-builder-fields','',0,0,11,'NO','NO');
insert  into `NutsMenu`(`ID`,`Category`,`Name`,`ExternalUrl`,`BreakBefore`,`BreakAfter`,`Position`,`Visible`,`Deleted`) values (29,3,'_newsletter-mailing-list',NULL,0,0,1,'YES','NO');
insert  into `NutsMenu`(`ID`,`Category`,`Name`,`ExternalUrl`,`BreakBefore`,`BreakAfter`,`Position`,`Visible`,`Deleted`) values (30,3,'_newsletter-mailing-list-suscriber',NULL,0,0,2,'YES','NO');
insert  into `NutsMenu`(`ID`,`Category`,`Name`,`ExternalUrl`,`BreakBefore`,`BreakAfter`,`Position`,`Visible`,`Deleted`) values (31,3,'_newsletter',NULL,0,0,3,'YES','NO');
insert  into `NutsMenu`(`ID`,`Category`,`Name`,`ExternalUrl`,`BreakBefore`,`BreakAfter`,`Position`,`Visible`,`Deleted`) values (32,3,'_survey','',1,1,4,'YES','NO');
insert  into `NutsMenu`(`ID`,`Category`,`Name`,`ExternalUrl`,`BreakBefore`,`BreakAfter`,`Position`,`Visible`,`Deleted`) values (33,3,'_survey-option',NULL,0,0,4,'NO','NO');
insert  into `NutsMenu`(`ID`,`Category`,`Name`,`ExternalUrl`,`BreakBefore`,`BreakAfter`,`Position`,`Visible`,`Deleted`) values (34,2,'_sitemap','',1,0,8,'YES','NO');
insert  into `NutsMenu`(`ID`,`Category`,`Name`,`ExternalUrl`,`BreakBefore`,`BreakAfter`,`Position`,`Visible`,`Deleted`) values (35,2,'_rss','',1,0,7,'YES','NO');
insert  into `NutsMenu`(`ID`,`Category`,`Name`,`ExternalUrl`,`BreakBefore`,`BreakAfter`,`Position`,`Visible`,`Deleted`) values (36,5,'_internal-messaging',NULL,0,0,6,'NO','NO');
insert  into `NutsMenu`(`ID`,`Category`,`Name`,`ExternalUrl`,`BreakBefore`,`BreakAfter`,`Position`,`Visible`,`Deleted`) values (37,1,'_control-center',NULL,0,0,2,'YES','NO');
insert  into `NutsMenu`(`ID`,`Category`,`Name`,`ExternalUrl`,`BreakBefore`,`BreakAfter`,`Position`,`Visible`,`Deleted`) values (38,3,'_analytics','https://www.google.com/analytics/reporting/',0,0,7,'YES','NO');
insert  into `NutsMenu`(`ID`,`Category`,`Name`,`ExternalUrl`,`BreakBefore`,`BreakAfter`,`Position`,`Visible`,`Deleted`) values (39,3,'_dropbox','',0,1,6,'YES','NO');
insert  into `NutsMenu`(`ID`,`Category`,`Name`,`ExternalUrl`,`BreakBefore`,`BreakAfter`,`Position`,`Visible`,`Deleted`) values (40,2,'_search-engine','',1,0,9,'YES','NO');
insert  into `NutsMenu`(`ID`,`Category`,`Name`,`ExternalUrl`,`BreakBefore`,`BreakAfter`,`Position`,`Visible`,`Deleted`) values (41,2,'_template_styles',NULL,0,0,1,'YES','NO');
insert  into `NutsMenu`(`ID`,`Category`,`Name`,`ExternalUrl`,`BreakBefore`,`BreakAfter`,`Position`,`Visible`,`Deleted`) values (42,1,'_rte_custom',NULL,0,0,10,'YES','NO');
insert  into `NutsMenu`(`ID`,`Category`,`Name`,`ExternalUrl`,`BreakBefore`,`BreakAfter`,`Position`,`Visible`,`Deleted`) values (43,2,'_url_rewriting',NULL,0,0,14,'YES','NO');
insert  into `NutsMenu`(`ID`,`Category`,`Name`,`ExternalUrl`,`BreakBefore`,`BreakAfter`,`Position`,`Visible`,`Deleted`) values (44,3,'_press-kit',NULL,0,0,5,'YES','NO');
insert  into `NutsMenu`(`ID`,`Category`,`Name`,`ExternalUrl`,`BreakBefore`,`BreakAfter`,`Position`,`Visible`,`Deleted`) values (45,2,'_register','',0,0,20,'NO','NO');
insert  into `NutsMenu`(`ID`,`Category`,`Name`,`ExternalUrl`,`BreakBefore`,`BreakAfter`,`Position`,`Visible`,`Deleted`) values (46,1,'_internal-memo',NULL,0,0,1,'NO','NO');
insert  into `NutsMenu`(`ID`,`Category`,`Name`,`ExternalUrl`,`BreakBefore`,`BreakAfter`,`Position`,`Visible`,`Deleted`) values (47,5,'_nuts-forge','http://www.nuts-cms.com/tools/forge/',0,0,6,'YES','NO');



/*Data for the table `NutsMenuRight` */
TRUNCATE TABLE NutsMenuRight;
insert  into `NutsMenuRight`(`ID`,`NutsMenuID`,`NutsGroupID`,`Name`) values (245,33,1,'delete');
insert  into `NutsMenuRight`(`ID`,`NutsMenuID`,`NutsGroupID`,`Name`) values (244,33,1,'edit');
insert  into `NutsMenuRight`(`ID`,`NutsMenuID`,`NutsGroupID`,`Name`) values (243,33,1,'add');
insert  into `NutsMenuRight`(`ID`,`NutsMenuID`,`NutsGroupID`,`Name`) values (242,33,1,'list');
insert  into `NutsMenuRight`(`ID`,`NutsMenuID`,`NutsGroupID`,`Name`) values (241,32,1,'reporting');
insert  into `NutsMenuRight`(`ID`,`NutsMenuID`,`NutsGroupID`,`Name`) values (240,32,1,'delete');
insert  into `NutsMenuRight`(`ID`,`NutsMenuID`,`NutsGroupID`,`Name`) values (239,32,1,'edit');
insert  into `NutsMenuRight`(`ID`,`NutsMenuID`,`NutsGroupID`,`Name`) values (238,32,1,'add');
insert  into `NutsMenuRight`(`ID`,`NutsMenuID`,`NutsGroupID`,`Name`) values (237,32,1,'list');
insert  into `NutsMenuRight`(`ID`,`NutsMenuID`,`NutsGroupID`,`Name`) values (236,34,1,'info');
insert  into `NutsMenuRight`(`ID`,`NutsMenuID`,`NutsGroupID`,`Name`) values (235,40,1,'info');
insert  into `NutsMenuRight`(`ID`,`NutsMenuID`,`NutsGroupID`,`Name`) values (234,23,1,'delete');
insert  into `NutsMenuRight`(`ID`,`NutsMenuID`,`NutsGroupID`,`Name`) values (233,23,1,'edit');
insert  into `NutsMenuRight`(`ID`,`NutsMenuID`,`NutsGroupID`,`Name`) values (232,23,1,'add');
insert  into `NutsMenuRight`(`ID`,`NutsMenuID`,`NutsGroupID`,`Name`) values (231,23,1,'list');
insert  into `NutsMenuRight`(`ID`,`NutsMenuID`,`NutsGroupID`,`Name`) values (230,42,1,'edit');
insert  into `NutsMenuRight`(`ID`,`NutsMenuID`,`NutsGroupID`,`Name`) values (229,42,1,'list');
insert  into `NutsMenuRight`(`ID`,`NutsMenuID`,`NutsGroupID`,`Name`) values (228,35,1,'delete');
insert  into `NutsMenuRight`(`ID`,`NutsMenuID`,`NutsGroupID`,`Name`) values (227,35,1,'edit');
insert  into `NutsMenuRight`(`ID`,`NutsMenuID`,`NutsGroupID`,`Name`) values (226,35,1,'add');
insert  into `NutsMenuRight`(`ID`,`NutsMenuID`,`NutsGroupID`,`Name`) values (225,35,1,'list');
insert  into `NutsMenuRight`(`ID`,`NutsMenuID`,`NutsGroupID`,`Name`) values (224,8,1,'edit');
insert  into `NutsMenuRight`(`ID`,`NutsMenuID`,`NutsGroupID`,`Name`) values (223,45,1,'exec');
insert  into `NutsMenuRight`(`ID`,`NutsMenuID`,`NutsGroupID`,`Name`) values (222,12,1,'delete');
insert  into `NutsMenuRight`(`ID`,`NutsMenuID`,`NutsGroupID`,`Name`) values (221,12,1,'edit');
insert  into `NutsMenuRight`(`ID`,`NutsMenuID`,`NutsGroupID`,`Name`) values (220,12,1,'add');
insert  into `NutsMenuRight`(`ID`,`NutsMenuID`,`NutsGroupID`,`Name`) values (219,12,1,'list');
insert  into `NutsMenuRight`(`ID`,`NutsMenuID`,`NutsGroupID`,`Name`) values (218,44,1,'delete');
insert  into `NutsMenuRight`(`ID`,`NutsMenuID`,`NutsGroupID`,`Name`) values (217,44,1,'edit');
insert  into `NutsMenuRight`(`ID`,`NutsMenuID`,`NutsGroupID`,`Name`) values (216,44,1,'add');
insert  into `NutsMenuRight`(`ID`,`NutsMenuID`,`NutsGroupID`,`Name`) values (215,44,1,'list');
insert  into `NutsMenuRight`(`ID`,`NutsMenuID`,`NutsGroupID`,`Name`) values (214,21,1,'list');
insert  into `NutsMenuRight`(`ID`,`NutsMenuID`,`NutsGroupID`,`Name`) values (213,22,1,'delete');
insert  into `NutsMenuRight`(`ID`,`NutsMenuID`,`NutsGroupID`,`Name`) values (212,22,1,'edit');
insert  into `NutsMenuRight`(`ID`,`NutsMenuID`,`NutsGroupID`,`Name`) values (211,22,1,'add');
insert  into `NutsMenuRight`(`ID`,`NutsMenuID`,`NutsGroupID`,`Name`) values (210,22,1,'list');
insert  into `NutsMenuRight`(`ID`,`NutsMenuID`,`NutsGroupID`,`Name`) values (209,11,1,'view');
insert  into `NutsMenuRight`(`ID`,`NutsMenuID`,`NutsGroupID`,`Name`) values (208,15,1,'delete');
insert  into `NutsMenuRight`(`ID`,`NutsMenuID`,`NutsGroupID`,`Name`) values (207,15,1,'edit');
insert  into `NutsMenuRight`(`ID`,`NutsMenuID`,`NutsGroupID`,`Name`) values (206,15,1,'add');
insert  into `NutsMenuRight`(`ID`,`NutsMenuID`,`NutsGroupID`,`Name`) values (205,15,1,'list');
insert  into `NutsMenuRight`(`ID`,`NutsMenuID`,`NutsGroupID`,`Name`) values (204,24,1,'viewer');
insert  into `NutsMenuRight`(`ID`,`NutsMenuID`,`NutsGroupID`,`Name`) values (203,24,1,'list');
insert  into `NutsMenuRight`(`ID`,`NutsMenuID`,`NutsGroupID`,`Name`) values (202,6,1,'exec');
insert  into `NutsMenuRight`(`ID`,`NutsMenuID`,`NutsGroupID`,`Name`) values (201,30,1,'delete');
insert  into `NutsMenuRight`(`ID`,`NutsMenuID`,`NutsGroupID`,`Name`) values (200,30,1,'edit');
insert  into `NutsMenuRight`(`ID`,`NutsMenuID`,`NutsGroupID`,`Name`) values (199,30,1,'add');
insert  into `NutsMenuRight`(`ID`,`NutsMenuID`,`NutsGroupID`,`Name`) values (198,30,1,'list');
insert  into `NutsMenuRight`(`ID`,`NutsMenuID`,`NutsGroupID`,`Name`) values (197,29,1,'delete');
insert  into `NutsMenuRight`(`ID`,`NutsMenuID`,`NutsGroupID`,`Name`) values (196,29,1,'edit');
insert  into `NutsMenuRight`(`ID`,`NutsMenuID`,`NutsGroupID`,`Name`) values (195,29,1,'add');
insert  into `NutsMenuRight`(`ID`,`NutsMenuID`,`NutsGroupID`,`Name`) values (194,29,1,'list');
insert  into `NutsMenuRight`(`ID`,`NutsMenuID`,`NutsGroupID`,`Name`) values (193,31,1,'view');
insert  into `NutsMenuRight`(`ID`,`NutsMenuID`,`NutsGroupID`,`Name`) values (192,31,1,'add');
insert  into `NutsMenuRight`(`ID`,`NutsMenuID`,`NutsGroupID`,`Name`) values (191,31,1,'list');
insert  into `NutsMenuRight`(`ID`,`NutsMenuID`,`NutsGroupID`,`Name`) values (190,9,1,'delete');
insert  into `NutsMenuRight`(`ID`,`NutsMenuID`,`NutsGroupID`,`Name`) values (189,9,1,'view');
insert  into `NutsMenuRight`(`ID`,`NutsMenuID`,`NutsGroupID`,`Name`) values (188,9,1,'edit');
insert  into `NutsMenuRight`(`ID`,`NutsMenuID`,`NutsGroupID`,`Name`) values (187,9,1,'add');
insert  into `NutsMenuRight`(`ID`,`NutsMenuID`,`NutsGroupID`,`Name`) values (186,9,1,'list');
insert  into `NutsMenuRight`(`ID`,`NutsMenuID`,`NutsGroupID`,`Name`) values (185,25,1,'delete');
insert  into `NutsMenuRight`(`ID`,`NutsMenuID`,`NutsGroupID`,`Name`) values (184,25,1,'edit');
insert  into `NutsMenuRight`(`ID`,`NutsMenuID`,`NutsGroupID`,`Name`) values (183,25,1,'add');
insert  into `NutsMenuRight`(`ID`,`NutsMenuID`,`NutsGroupID`,`Name`) values (182,25,1,'list');
insert  into `NutsMenuRight`(`ID`,`NutsMenuID`,`NutsGroupID`,`Name`) values (181,7,1,'list');
insert  into `NutsMenuRight`(`ID`,`NutsMenuID`,`NutsGroupID`,`Name`) values (180,36,1,'view');
insert  into `NutsMenuRight`(`ID`,`NutsMenuID`,`NutsGroupID`,`Name`) values (179,36,1,'delete');
insert  into `NutsMenuRight`(`ID`,`NutsMenuID`,`NutsGroupID`,`Name`) values (178,36,1,'add');
insert  into `NutsMenuRight`(`ID`,`NutsMenuID`,`NutsGroupID`,`Name`) values (177,36,1,'list');
insert  into `NutsMenuRight`(`ID`,`NutsMenuID`,`NutsGroupID`,`Name`) values (176,46,1,'edit');
insert  into `NutsMenuRight`(`ID`,`NutsMenuID`,`NutsGroupID`,`Name`) values (175,20,1,'delete');
insert  into `NutsMenuRight`(`ID`,`NutsMenuID`,`NutsGroupID`,`Name`) values (174,20,1,'edit');
insert  into `NutsMenuRight`(`ID`,`NutsMenuID`,`NutsGroupID`,`Name`) values (173,20,1,'add');
insert  into `NutsMenuRight`(`ID`,`NutsMenuID`,`NutsGroupID`,`Name`) values (172,20,1,'list');
insert  into `NutsMenuRight`(`ID`,`NutsMenuID`,`NutsGroupID`,`Name`) values (171,5,1,'delete');
insert  into `NutsMenuRight`(`ID`,`NutsMenuID`,`NutsGroupID`,`Name`) values (170,5,1,'view');
insert  into `NutsMenuRight`(`ID`,`NutsMenuID`,`NutsGroupID`,`Name`) values (169,5,1,'edit');
insert  into `NutsMenuRight`(`ID`,`NutsMenuID`,`NutsGroupID`,`Name`) values (168,5,1,'add');
insert  into `NutsMenuRight`(`ID`,`NutsMenuID`,`NutsGroupID`,`Name`) values (167,5,1,'list');
insert  into `NutsMenuRight`(`ID`,`NutsMenuID`,`NutsGroupID`,`Name`) values (166,14,1,'delete');
insert  into `NutsMenuRight`(`ID`,`NutsMenuID`,`NutsGroupID`,`Name`) values (165,14,1,'edit');
insert  into `NutsMenuRight`(`ID`,`NutsMenuID`,`NutsGroupID`,`Name`) values (164,14,1,'add');
insert  into `NutsMenuRight`(`ID`,`NutsMenuID`,`NutsGroupID`,`Name`) values (163,14,1,'list');
insert  into `NutsMenuRight`(`ID`,`NutsMenuID`,`NutsGroupID`,`Name`) values (162,13,1,'delete');
insert  into `NutsMenuRight`(`ID`,`NutsMenuID`,`NutsGroupID`,`Name`) values (161,13,1,'edit');
insert  into `NutsMenuRight`(`ID`,`NutsMenuID`,`NutsGroupID`,`Name`) values (160,13,1,'add');
insert  into `NutsMenuRight`(`ID`,`NutsMenuID`,`NutsGroupID`,`Name`) values (159,13,1,'list');
insert  into `NutsMenuRight`(`ID`,`NutsMenuID`,`NutsGroupID`,`Name`) values (158,28,1,'delete');
insert  into `NutsMenuRight`(`ID`,`NutsMenuID`,`NutsGroupID`,`Name`) values (157,28,1,'edit');
insert  into `NutsMenuRight`(`ID`,`NutsMenuID`,`NutsGroupID`,`Name`) values (156,28,1,'add');
insert  into `NutsMenuRight`(`ID`,`NutsMenuID`,`NutsGroupID`,`Name`) values (155,28,1,'list');
insert  into `NutsMenuRight`(`ID`,`NutsMenuID`,`NutsGroupID`,`Name`) values (154,27,1,'delete');
insert  into `NutsMenuRight`(`ID`,`NutsMenuID`,`NutsGroupID`,`Name`) values (153,27,1,'edit');
insert  into `NutsMenuRight`(`ID`,`NutsMenuID`,`NutsGroupID`,`Name`) values (152,27,1,'add');
insert  into `NutsMenuRight`(`ID`,`NutsMenuID`,`NutsGroupID`,`Name`) values (151,27,1,'list');
insert  into `NutsMenuRight`(`ID`,`NutsMenuID`,`NutsGroupID`,`Name`) values (150,26,1,'exec');
insert  into `NutsMenuRight`(`ID`,`NutsMenuID`,`NutsGroupID`,`Name`) values (149,19,1,'delete');
insert  into `NutsMenuRight`(`ID`,`NutsMenuID`,`NutsGroupID`,`Name`) values (148,19,1,'edit');
insert  into `NutsMenuRight`(`ID`,`NutsMenuID`,`NutsGroupID`,`Name`) values (147,19,1,'add');
insert  into `NutsMenuRight`(`ID`,`NutsMenuID`,`NutsGroupID`,`Name`) values (146,19,1,'list');
insert  into `NutsMenuRight`(`ID`,`NutsMenuID`,`NutsGroupID`,`Name`) values (145,39,1,'delete');
insert  into `NutsMenuRight`(`ID`,`NutsMenuID`,`NutsGroupID`,`Name`) values (144,39,1,'edit');
insert  into `NutsMenuRight`(`ID`,`NutsMenuID`,`NutsGroupID`,`Name`) values (143,39,1,'add');
insert  into `NutsMenuRight`(`ID`,`NutsMenuID`,`NutsGroupID`,`Name`) values (142,39,1,'list');
insert  into `NutsMenuRight`(`ID`,`NutsMenuID`,`NutsGroupID`,`Name`) values (141,17,1,'exec');
insert  into `NutsMenuRight`(`ID`,`NutsMenuID`,`NutsGroupID`,`Name`) values (140,37,1,'exec');
insert  into `NutsMenuRight`(`ID`,`NutsMenuID`,`NutsGroupID`,`Name`) values (139,1,1,'edit');
insert  into `NutsMenuRight`(`ID`,`NutsMenuID`,`NutsGroupID`,`Name`) values (138,18,1,'view');
insert  into `NutsMenuRight`(`ID`,`NutsMenuID`,`NutsGroupID`,`Name`) values (137,18,1,'delete');
insert  into `NutsMenuRight`(`ID`,`NutsMenuID`,`NutsGroupID`,`Name`) values (136,18,1,'edit');
insert  into `NutsMenuRight`(`ID`,`NutsMenuID`,`NutsGroupID`,`Name`) values (135,18,1,'add');
insert  into `NutsMenuRight`(`ID`,`NutsMenuID`,`NutsGroupID`,`Name`) values (134,18,1,'list');
insert  into `NutsMenuRight`(`ID`,`NutsMenuID`,`NutsGroupID`,`Name`) values (133,38,1,'list');
insert  into `NutsMenuRight`(`ID`,`NutsMenuID`,`NutsGroupID`,`Name`) values (246,3,1,'list');
insert  into `NutsMenuRight`(`ID`,`NutsMenuID`,`NutsGroupID`,`Name`) values (247,3,1,'edit');
insert  into `NutsMenuRight`(`ID`,`NutsMenuID`,`NutsGroupID`,`Name`) values (248,41,1,'edit');
insert  into `NutsMenuRight`(`ID`,`NutsMenuID`,`NutsGroupID`,`Name`) values (249,10,1,'exec');
insert  into `NutsMenuRight`(`ID`,`NutsMenuID`,`NutsGroupID`,`Name`) values (250,43,1,'list');
insert  into `NutsMenuRight`(`ID`,`NutsMenuID`,`NutsGroupID`,`Name`) values (251,43,1,'add');
insert  into `NutsMenuRight`(`ID`,`NutsMenuID`,`NutsGroupID`,`Name`) values (252,43,1,'edit');
insert  into `NutsMenuRight`(`ID`,`NutsMenuID`,`NutsGroupID`,`Name`) values (253,43,1,'delete');
insert  into `NutsMenuRight`(`ID`,`NutsMenuID`,`NutsGroupID`,`Name`) values (254,4,1,'list');
insert  into `NutsMenuRight`(`ID`,`NutsMenuID`,`NutsGroupID`,`Name`) values (255,4,1,'add');
insert  into `NutsMenuRight`(`ID`,`NutsMenuID`,`NutsGroupID`,`Name`) values (256,4,1,'edit');
insert  into `NutsMenuRight`(`ID`,`NutsMenuID`,`NutsGroupID`,`Name`) values (257,4,1,'view');
insert  into `NutsMenuRight`(`ID`,`NutsMenuID`,`NutsGroupID`,`Name`) values (258,4,1,'delete');
insert  into `NutsMenuRight`(`ID`,`NutsMenuID`,`NutsGroupID`,`Name`) values (259,2,1,'list');
insert  into `NutsMenuRight`(`ID`,`NutsMenuID`,`NutsGroupID`,`Name`) values (260,2,1,'add');
insert  into `NutsMenuRight`(`ID`,`NutsMenuID`,`NutsGroupID`,`Name`) values (261,2,1,'edit');
insert  into `NutsMenuRight`(`ID`,`NutsMenuID`,`NutsGroupID`,`Name`) values (262,2,1,'view');
insert  into `NutsMenuRight`(`ID`,`NutsMenuID`,`NutsGroupID`,`Name`) values (263,2,1,'delete');
insert  into `NutsMenuRight`(`ID`,`NutsMenuID`,`NutsGroupID`,`Name`) values (264,38,2,'list');
insert  into `NutsMenuRight`(`ID`,`NutsMenuID`,`NutsGroupID`,`Name`) values (265,18,2,'list');
insert  into `NutsMenuRight`(`ID`,`NutsMenuID`,`NutsGroupID`,`Name`) values (266,18,2,'add');
insert  into `NutsMenuRight`(`ID`,`NutsMenuID`,`NutsGroupID`,`Name`) values (267,18,2,'edit');
insert  into `NutsMenuRight`(`ID`,`NutsMenuID`,`NutsGroupID`,`Name`) values (268,18,2,'delete');
insert  into `NutsMenuRight`(`ID`,`NutsMenuID`,`NutsGroupID`,`Name`) values (269,18,2,'view');
insert  into `NutsMenuRight`(`ID`,`NutsMenuID`,`NutsGroupID`,`Name`) values (270,17,2,'exec');
insert  into `NutsMenuRight`(`ID`,`NutsMenuID`,`NutsGroupID`,`Name`) values (271,39,2,'list');
insert  into `NutsMenuRight`(`ID`,`NutsMenuID`,`NutsGroupID`,`Name`) values (272,39,2,'add');
insert  into `NutsMenuRight`(`ID`,`NutsMenuID`,`NutsGroupID`,`Name`) values (273,39,2,'edit');
insert  into `NutsMenuRight`(`ID`,`NutsMenuID`,`NutsGroupID`,`Name`) values (274,39,2,'delete');
insert  into `NutsMenuRight`(`ID`,`NutsMenuID`,`NutsGroupID`,`Name`) values (275,19,2,'list');
insert  into `NutsMenuRight`(`ID`,`NutsMenuID`,`NutsGroupID`,`Name`) values (276,19,2,'add');
insert  into `NutsMenuRight`(`ID`,`NutsMenuID`,`NutsGroupID`,`Name`) values (277,19,2,'edit');
insert  into `NutsMenuRight`(`ID`,`NutsMenuID`,`NutsGroupID`,`Name`) values (278,19,2,'delete');
insert  into `NutsMenuRight`(`ID`,`NutsMenuID`,`NutsGroupID`,`Name`) values (279,26,2,'exec');
insert  into `NutsMenuRight`(`ID`,`NutsMenuID`,`NutsGroupID`,`Name`) values (280,27,2,'list');
insert  into `NutsMenuRight`(`ID`,`NutsMenuID`,`NutsGroupID`,`Name`) values (281,27,2,'add');
insert  into `NutsMenuRight`(`ID`,`NutsMenuID`,`NutsGroupID`,`Name`) values (282,27,2,'edit');
insert  into `NutsMenuRight`(`ID`,`NutsMenuID`,`NutsGroupID`,`Name`) values (283,27,2,'delete');
insert  into `NutsMenuRight`(`ID`,`NutsMenuID`,`NutsGroupID`,`Name`) values (284,28,2,'list');
insert  into `NutsMenuRight`(`ID`,`NutsMenuID`,`NutsGroupID`,`Name`) values (285,28,2,'add');
insert  into `NutsMenuRight`(`ID`,`NutsMenuID`,`NutsGroupID`,`Name`) values (286,28,2,'edit');
insert  into `NutsMenuRight`(`ID`,`NutsMenuID`,`NutsGroupID`,`Name`) values (287,28,2,'delete');
insert  into `NutsMenuRight`(`ID`,`NutsMenuID`,`NutsGroupID`,`Name`) values (288,13,2,'list');
insert  into `NutsMenuRight`(`ID`,`NutsMenuID`,`NutsGroupID`,`Name`) values (289,13,2,'add');
insert  into `NutsMenuRight`(`ID`,`NutsMenuID`,`NutsGroupID`,`Name`) values (290,13,2,'edit');
insert  into `NutsMenuRight`(`ID`,`NutsMenuID`,`NutsGroupID`,`Name`) values (291,13,2,'delete');
insert  into `NutsMenuRight`(`ID`,`NutsMenuID`,`NutsGroupID`,`Name`) values (292,14,2,'list');
insert  into `NutsMenuRight`(`ID`,`NutsMenuID`,`NutsGroupID`,`Name`) values (293,14,2,'add');
insert  into `NutsMenuRight`(`ID`,`NutsMenuID`,`NutsGroupID`,`Name`) values (294,14,2,'edit');
insert  into `NutsMenuRight`(`ID`,`NutsMenuID`,`NutsGroupID`,`Name`) values (295,14,2,'delete');
insert  into `NutsMenuRight`(`ID`,`NutsMenuID`,`NutsGroupID`,`Name`) values (296,5,2,'list');
insert  into `NutsMenuRight`(`ID`,`NutsMenuID`,`NutsGroupID`,`Name`) values (297,5,2,'add');
insert  into `NutsMenuRight`(`ID`,`NutsMenuID`,`NutsGroupID`,`Name`) values (298,5,2,'edit');
insert  into `NutsMenuRight`(`ID`,`NutsMenuID`,`NutsGroupID`,`Name`) values (299,5,2,'view');
insert  into `NutsMenuRight`(`ID`,`NutsMenuID`,`NutsGroupID`,`Name`) values (300,5,2,'delete');
insert  into `NutsMenuRight`(`ID`,`NutsMenuID`,`NutsGroupID`,`Name`) values (301,20,2,'list');
insert  into `NutsMenuRight`(`ID`,`NutsMenuID`,`NutsGroupID`,`Name`) values (302,20,2,'add');
insert  into `NutsMenuRight`(`ID`,`NutsMenuID`,`NutsGroupID`,`Name`) values (303,20,2,'edit');
insert  into `NutsMenuRight`(`ID`,`NutsMenuID`,`NutsGroupID`,`Name`) values (304,20,2,'delete');
insert  into `NutsMenuRight`(`ID`,`NutsMenuID`,`NutsGroupID`,`Name`) values (305,46,2,'edit');
insert  into `NutsMenuRight`(`ID`,`NutsMenuID`,`NutsGroupID`,`Name`) values (306,36,2,'list');
insert  into `NutsMenuRight`(`ID`,`NutsMenuID`,`NutsGroupID`,`Name`) values (307,36,2,'add');
insert  into `NutsMenuRight`(`ID`,`NutsMenuID`,`NutsGroupID`,`Name`) values (308,36,2,'delete');
insert  into `NutsMenuRight`(`ID`,`NutsMenuID`,`NutsGroupID`,`Name`) values (309,36,2,'view');
insert  into `NutsMenuRight`(`ID`,`NutsMenuID`,`NutsGroupID`,`Name`) values (310,25,2,'list');
insert  into `NutsMenuRight`(`ID`,`NutsMenuID`,`NutsGroupID`,`Name`) values (311,25,2,'add');
insert  into `NutsMenuRight`(`ID`,`NutsMenuID`,`NutsGroupID`,`Name`) values (312,25,2,'edit');
insert  into `NutsMenuRight`(`ID`,`NutsMenuID`,`NutsGroupID`,`Name`) values (313,25,2,'delete');
insert  into `NutsMenuRight`(`ID`,`NutsMenuID`,`NutsGroupID`,`Name`) values (314,9,2,'list');
insert  into `NutsMenuRight`(`ID`,`NutsMenuID`,`NutsGroupID`,`Name`) values (315,9,2,'add');
insert  into `NutsMenuRight`(`ID`,`NutsMenuID`,`NutsGroupID`,`Name`) values (316,9,2,'edit');
insert  into `NutsMenuRight`(`ID`,`NutsMenuID`,`NutsGroupID`,`Name`) values (317,9,2,'view');
insert  into `NutsMenuRight`(`ID`,`NutsMenuID`,`NutsGroupID`,`Name`) values (318,9,2,'delete');
insert  into `NutsMenuRight`(`ID`,`NutsMenuID`,`NutsGroupID`,`Name`) values (319,31,2,'list');
insert  into `NutsMenuRight`(`ID`,`NutsMenuID`,`NutsGroupID`,`Name`) values (320,31,2,'add');
insert  into `NutsMenuRight`(`ID`,`NutsMenuID`,`NutsGroupID`,`Name`) values (321,31,2,'view');
insert  into `NutsMenuRight`(`ID`,`NutsMenuID`,`NutsGroupID`,`Name`) values (322,29,2,'list');
insert  into `NutsMenuRight`(`ID`,`NutsMenuID`,`NutsGroupID`,`Name`) values (323,29,2,'add');
insert  into `NutsMenuRight`(`ID`,`NutsMenuID`,`NutsGroupID`,`Name`) values (324,29,2,'edit');
insert  into `NutsMenuRight`(`ID`,`NutsMenuID`,`NutsGroupID`,`Name`) values (325,29,2,'delete');
insert  into `NutsMenuRight`(`ID`,`NutsMenuID`,`NutsGroupID`,`Name`) values (326,30,2,'list');
insert  into `NutsMenuRight`(`ID`,`NutsMenuID`,`NutsGroupID`,`Name`) values (327,30,2,'add');
insert  into `NutsMenuRight`(`ID`,`NutsMenuID`,`NutsGroupID`,`Name`) values (328,30,2,'edit');
insert  into `NutsMenuRight`(`ID`,`NutsMenuID`,`NutsGroupID`,`Name`) values (329,30,2,'delete');
insert  into `NutsMenuRight`(`ID`,`NutsMenuID`,`NutsGroupID`,`Name`) values (330,6,2,'exec');
insert  into `NutsMenuRight`(`ID`,`NutsMenuID`,`NutsGroupID`,`Name`) values (331,24,2,'list');
insert  into `NutsMenuRight`(`ID`,`NutsMenuID`,`NutsGroupID`,`Name`) values (332,24,2,'viewer');
insert  into `NutsMenuRight`(`ID`,`NutsMenuID`,`NutsGroupID`,`Name`) values (333,15,2,'list');
insert  into `NutsMenuRight`(`ID`,`NutsMenuID`,`NutsGroupID`,`Name`) values (334,15,2,'add');
insert  into `NutsMenuRight`(`ID`,`NutsMenuID`,`NutsGroupID`,`Name`) values (335,15,2,'edit');
insert  into `NutsMenuRight`(`ID`,`NutsMenuID`,`NutsGroupID`,`Name`) values (336,15,2,'delete');
insert  into `NutsMenuRight`(`ID`,`NutsMenuID`,`NutsGroupID`,`Name`) values (337,11,2,'view');
insert  into `NutsMenuRight`(`ID`,`NutsMenuID`,`NutsGroupID`,`Name`) values (338,44,2,'list');
insert  into `NutsMenuRight`(`ID`,`NutsMenuID`,`NutsGroupID`,`Name`) values (339,44,2,'add');
insert  into `NutsMenuRight`(`ID`,`NutsMenuID`,`NutsGroupID`,`Name`) values (340,44,2,'edit');
insert  into `NutsMenuRight`(`ID`,`NutsMenuID`,`NutsGroupID`,`Name`) values (341,44,2,'delete');
insert  into `NutsMenuRight`(`ID`,`NutsMenuID`,`NutsGroupID`,`Name`) values (342,45,2,'exec');
insert  into `NutsMenuRight`(`ID`,`NutsMenuID`,`NutsGroupID`,`Name`) values (343,8,2,'edit');
insert  into `NutsMenuRight`(`ID`,`NutsMenuID`,`NutsGroupID`,`Name`) values (344,23,2,'list');
insert  into `NutsMenuRight`(`ID`,`NutsMenuID`,`NutsGroupID`,`Name`) values (345,23,2,'add');
insert  into `NutsMenuRight`(`ID`,`NutsMenuID`,`NutsGroupID`,`Name`) values (346,23,2,'edit');
insert  into `NutsMenuRight`(`ID`,`NutsMenuID`,`NutsGroupID`,`Name`) values (347,23,2,'delete');
insert  into `NutsMenuRight`(`ID`,`NutsMenuID`,`NutsGroupID`,`Name`) values (348,32,2,'list');
insert  into `NutsMenuRight`(`ID`,`NutsMenuID`,`NutsGroupID`,`Name`) values (349,32,2,'add');
insert  into `NutsMenuRight`(`ID`,`NutsMenuID`,`NutsGroupID`,`Name`) values (350,32,2,'edit');
insert  into `NutsMenuRight`(`ID`,`NutsMenuID`,`NutsGroupID`,`Name`) values (351,32,2,'delete');
insert  into `NutsMenuRight`(`ID`,`NutsMenuID`,`NutsGroupID`,`Name`) values (352,32,2,'reporting');
insert  into `NutsMenuRight`(`ID`,`NutsMenuID`,`NutsGroupID`,`Name`) values (353,33,2,'list');
insert  into `NutsMenuRight`(`ID`,`NutsMenuID`,`NutsGroupID`,`Name`) values (354,33,2,'add');
insert  into `NutsMenuRight`(`ID`,`NutsMenuID`,`NutsGroupID`,`Name`) values (355,33,2,'edit');
insert  into `NutsMenuRight`(`ID`,`NutsMenuID`,`NutsGroupID`,`Name`) values (356,33,2,'delete');
insert  into `NutsMenuRight`(`ID`,`NutsMenuID`,`NutsGroupID`,`Name`) values (357,41,2,'edit');
insert  into `NutsMenuRight`(`ID`,`NutsMenuID`,`NutsGroupID`,`Name`) values (358,10,2,'exec');
insert  into `NutsMenuRight`(`ID`,`NutsMenuID`,`NutsGroupID`,`Name`) values (359,43,2,'list');
insert  into `NutsMenuRight`(`ID`,`NutsMenuID`,`NutsGroupID`,`Name`) values (360,43,2,'add');
insert  into `NutsMenuRight`(`ID`,`NutsMenuID`,`NutsGroupID`,`Name`) values (361,43,2,'edit');
insert  into `NutsMenuRight`(`ID`,`NutsMenuID`,`NutsGroupID`,`Name`) values (362,43,2,'delete');
insert  into `NutsMenuRight`(`ID`,`NutsMenuID`,`NutsGroupID`,`Name`) values (363,4,2,'list');
insert  into `NutsMenuRight`(`ID`,`NutsMenuID`,`NutsGroupID`,`Name`) values (364,4,2,'add');
insert  into `NutsMenuRight`(`ID`,`NutsMenuID`,`NutsGroupID`,`Name`) values (365,4,2,'edit');
insert  into `NutsMenuRight`(`ID`,`NutsMenuID`,`NutsGroupID`,`Name`) values (366,4,2,'view');
insert  into `NutsMenuRight`(`ID`,`NutsMenuID`,`NutsGroupID`,`Name`) values (367,4,2,'delete');
insert  into `NutsMenuRight`(`ID`,`NutsMenuID`,`NutsGroupID`,`Name`) values (368,2,2,'list');
insert  into `NutsMenuRight`(`ID`,`NutsMenuID`,`NutsGroupID`,`Name`) values (369,2,2,'add');
insert  into `NutsMenuRight`(`ID`,`NutsMenuID`,`NutsGroupID`,`Name`) values (370,2,2,'edit');
insert  into `NutsMenuRight`(`ID`,`NutsMenuID`,`NutsGroupID`,`Name`) values (371,2,2,'view');
insert  into `NutsMenuRight`(`ID`,`NutsMenuID`,`NutsGroupID`,`Name`) values (372,2,2,'delete');

